NAME,ERA5_Land,FLUXCOM,GLEAM,GLDAS20_NOAH36,GLDAS20_CLSM25,GLDAS20_VIC412,GLDAS21_NOAH36,GLDAS21_CLSM25,GLDAS21_VIC412,GLDAS22_CLSM25,JRA55,MERRA2,MOD16,SSEBop
WINISK,419.02652596354017,333.6623902374162,436.6913543128394,371.29386240087626,518.5228119905012,174.20541517689213,440.78657137839184,611.9215026794159,269.8097346390438,94.32847536253999,483.61268070818335,569.2494841468515,370.4045670868295,327.26351613933076
COPPER,149.3290365095187,,231.0754909619739,206.21327693682696,322.9584865328743,122.60779877715939,191.37613646504414,364.49625216023685,105.6129602872023,155.5637144600265,329.61531605885557,319.80930787046486,,210.29245740333053
NOTTAWAY,482.69358606958014,401.0428446096138,579.8218124744948,471.0992476993073,645.9736471221617,220.97066658405524,573.7848525596839,847.7912460948361,325.8178163414089,21.422740689862053,567.5563281743777,729.3678724662984,442.72585136606597,383.88416662601753
TALAS,327.40860749512115,260.0432654426224,200.01486201482734,256.2015618034563,281.1509943989968,150.00331012061628,294.84658611552834,335.6317243655264,189.2818749824381,258.86369075701214,402.577990957078,261.55636952153486,183.75795273547766,122.90569813162483
MARONI,1272.3384129972767,1452.6475509018196,1661.4609370134233,1327.5032806119632,1439.4748291227975,937.0948199588104,1645.8249095950946,1625.193688945018,1143.9313031824297,930.5850890842634,1376.1102101554193,1864.5922166892815,1530.3420288037883,1470.1182493679705
ANDERSON,250.0076560397496,224.49884889382594,277.51803685556376,168.59964614077543,175.87171848045776,104.65592968171427,210.05003265866148,238.6240320867485,178.69665728446458,195.6670696486893,243.3331130374407,295.2675112466503,221.45269672633216,259.80640541370315
GUADIANA,498.27948110054547,417.65741989098933,427.70867746472356,400.10450325835507,486.1471895854296,308.7754798037481,492.26569582533085,600.691147900526,379.67958557057807,414.7470712456363,452.47665821218516,421.25465101811534,299.7830268942859,430.7642675761198
ESSEQUIBO,1244.0817481470058,1381.8261899713425,1421.2909277766335,1168.0892519668866,1471.8219682037584,869.3938630684986,1493.5154407537968,1659.2346190645028,1075.8158998317178,1046.766364741079,1220.076876488007,1456.2679821408783,1400.409673852714,1488.059907470537
SUSQUEHANNA,754.6992017166317,695.5573145230292,732.6345168151739,756.6862617196354,950.2807596866212,449.68406066986626,835.4380902826308,1094.799979218826,559.5851598427282,825.5933512534375,716.2128506077892,882.7293771469683,687.0266189782404,617.7345897516569
JEQUITINHONHA,813.5587202817958,1219.862168869732,854.7419843069359,844.6318833167836,900.288437593959,627.9517709341669,889.9503941221216,907.9945913553736,649.2154552872652,971.4745022397676,835.72177488089,851.6656262354084,1003.0044409945376,935.9032599276118
TAGUS,567.6342690035439,462.56235111563444,462.99421167073007,415.3491185156031,503.394069333066,329.9873081640998,501.75473617491014,618.6363698826964,406.09424056654336,480.9006199992772,514.8244237875881,445.65209469264545,342.8881262094794,420.1336035881187
JACUI,1108.7046923283783,1049.6405986949628,892.709761902974,976.7777492320114,1100.1153577688801,604.2847765418568,1103.4517798523052,1122.7925972304813,726.6641200582318,745.2422013081216,854.9938092975974,1261.3889864402968,937.8051702637724,797.6393380215635
GAMBIA,582.6001311492486,966.2588715045473,627.0622409759721,600.3723343373636,894.8892077705452,354.7799840843569,699.7205511429522,877.9969027734493,423.90754580505654,854.0500352273186,696.8290188328945,726.1718653719881,506.220020731363,998.0414821630638
DNIESTR,599.0879119876288,531.6629176620006,495.8001582810149,513.9034650615338,530.6025527826065,326.7986191748462,636.8620722079548,688.4409913345277,412.6338059253791,535.2288583160289,648.6002132896226,598.9260252162848,472.1013976810956,416.10784641508207
SEINE,656.1646753255546,593.8031414271024,483.58125253070085,568.2337680762405,619.039258159597,376.0864391849642,606.1713730008348,688.2922750374586,426.78971499447454,609.703793305125,566.857956511754,653.2263289054279,543.1220336648855,452.8540140341812
PO,601.0389340000771,594.2641344667369,552.3747852594659,538.2864302865568,682.1096634348601,353.78601665403835,603.0942957883531,741.2552572621546,462.3707333655704,753.2528155511706,581.139853442822,665.8278298854309,588.3376066091192,428.10474467996085
JAGUARIBE,657.1291719646489,1125.6402956639645,613.8925869057181,651.4104755538395,669.0472421763957,508.1257885936476,718.267792422383,720.3612373422071,564.307494020029,711.4754884812334,841.3373348579792,774.3782076388483,827.810508816098,1104.0365760998498
UVS NUUR,329.0338127061657,306.6473467019006,321.6567486099759,280.0672660310612,304.97111965348387,178.29609531050585,275.3097659614133,293.9839641550402,231.81084209336922,248.94571824775852,455.767791693266,245.32929209595505,258.27526324150097,209.36578672712562
GASCOYNE,211.6979773033614,156.27234640488243,195.60429851195028,205.96855643350096,192.7449156828762,197.15381448114584,257.08394067788464,244.77506903140375,238.73000872576694,148.90155826195814,252.9247565721158,333.88787766385315,75.87867798425076,231.7276492997752
ZHEM,292.93845487978905,258.3499646147374,178.64857638266318,212.46401608054344,207.91931857733834,143.8647510783289,289.4786649059504,294.72475397699486,168.6464862163203,185.35865532431586,444.63926936733077,236.9738463443595,156.79484899860014,197.97614443363463
SASSANDRA,1058.2483131863212,1351.210074960209,1060.3819830235989,956.5073763966668,1380.9637674287574,673.0728945963261,1120.8809955088386,1350.240455009552,830.3147589891321,1240.7630057808412,1051.64311252177,1167.392536031623,1250.3012843794882,1222.4973624596216
MAHAKAM,1345.402849681484,1471.2454594404403,1530.6856812456704,1198.0927945093554,1208.9175807199633,961.5298567576947,1516.0040772664927,1963.4086964963676,1202.4314172521242,906.2553406281056,1398.7651800669275,1656.5531572256982,1361.6548349477698,1303.8342083137259
MEZEN,321.7315220977763,276.6655912559421,378.40778924928975,336.143516296219,477.32277291082266,202.1934652876626,387.4828905969709,630.5977441160715,248.23108261912375,164.79267524338792,428.9115608212219,477.89194856838196,347.84384177372493,351.64515922770187
SACRAMENTO,514.9702353339801,522.361040777797,541.3666429610048,517.8446588175796,642.9007486593101,369.02674448006417,568.8653618509537,674.2662791304208,413.888800661806,269.527596356773,632.8143295997795,556.6569733781155,397.2436132569571,593.4296298208332
YAQUI,469.5842748471955,554.8599837261183,517.9249174802948,447.2403245298491,407.04494501746825,394.03855347560886,544.532660126289,520.9433962666096,483.1620483068609,452.35066437056037,697.9119342172461,463.2692686323703,341.601480757626,638.200739307823
ROPER,787.9295198030808,822.0243382356414,668.2336176871934,560.8965825270205,789.6949516796882,347.9052328626305,658.1802977496493,883.4415941673053,436.4949164293994,822.5078455799654,939.6457560397403,893.0113756211024,546.3316101259649,788.9821890373898
ASHBURTON,235.198228118063,147.8189853000368,247.21636752960794,253.00953989765088,242.1694981088468,214.1126069171497,307.9155240675382,297.7378709980558,262.02662996995906,210.4894939717946,280.62924164435583,373.33546919201683,75.84468267398702,330.3729473087168
CAUVERY,983.9652634248025,1077.8404730583293,750.4534481129828,778.9763077404411,842.6287214268077,417.6947954056438,1008.1560915220019,1141.8486187445817,595.251106046405,949.9485680896411,627.0848190154608,890.977711477032,850.6066927621229,867.3084660996399
MAMBERAMO,1284.3358805697958,1416.094339515951,1529.6699513675374,1134.9160064814853,1331.9074422485605,900.9235402707394,1390.2208522616204,1764.4388668279837,1087.2214219035259,1433.5626889706593,1452.0834326254148,1604.67336066522,1315.4317865569908,1112.5802051698115
RUKWA,877.1240734386754,1235.8159021883591,826.9021832280126,716.2764578802733,833.1121856895454,501.3330997147892,755.8290367927768,886.932333122258,546.8415627339216,895.4004517766016,565.19606106859,901.9276184357068,704.8950883719383,878.0614094792514
SEPIK,1335.0013254503178,1444.5412605000506,1475.4044739852416,1247.9713781682906,1539.7841823612314,952.903261913463,1429.1917435831492,1868.896431651057,1122.8861892730874,1580.6076336928088,1531.2788677888564,1532.1677585191428,1348.5970280306617,1245.4069724806009
KIZILIRMAK,492.10703932287254,375.59669759692747,394.0260709116227,425.6574221563151,441.38654519183683,217.0477718047187,519.568572040351,581.6772306465828,274.21527947546036,435.2677096552758,621.8477323228312,448.9518306136427,348.12397948912405,277.8970614964519
DOCE,906.7945768538011,1216.9863355567525,950.0178894895637,919.7826151628597,1097.3791445884929,630.0364241107839,961.8489812095086,1087.0075894121974,697.3961278290865,1119.2014152369497,852.1517091192314,1022.4613515097869,1024.4258961884073,961.6850220542643
COMOE,930.0773864942397,1106.4514680282919,911.9758822256724,818.1399180616868,1044.7121364879415,510.81308245964976,954.2143780109058,1088.3768519726766,649.4118011159588,1086.097923072914,944.9311810948442,1046.6319918807826,1046.1041564687876,1259.7696761595246
KAPUAS,1393.4929362067821,1485.5584985448481,1547.957061782356,1281.5869463374995,1296.4773224176697,1002.7099032920665,1519.7579425891659,1949.324124799728,1180.427808814242,869.3490470604518,1331.407334123682,1641.2710766179412,1319.8561471787943,1311.0838250737927
SAN JOAQUIN,404.3354943202172,495.1273120766258,330.6523226367425,327.90227439481765,367.3390403615023,258.7767464954172,358.0796588164034,387.06570439732116,288.0337422570927,450.07471167269586,493.60623760554864,381.9499444832416,322.04507006496516,528.4384553521435
CUYUNI,1285.2715316924732,1440.2904299180998,1442.302842587826,1238.6064689672344,1556.7740485541765,916.9428516715546,1502.9756599576633,1776.8238337919465,1125.560625681946,1711.27949909017,1363.0012999648302,1395.2357960161046,1481.8407768279963,1293.5141197699527
EBRO,558.517757128621,495.95292642455695,515.148078037751,499.4215806744539,575.4596064411495,352.3821094464491,574.1216961714299,641.0164952211437,438.23768515889105,549.8566052193875,567.3690296521754,532.4390315319108,400.05794939130857,422.54770229260293
MEGHNA,1030.8655483600908,1043.3667331207423,913.4063058184514,979.6314353160117,1429.0718811877712,599.5297855561113,1077.2455805343905,1528.4975809723426,669.4568128102999,1519.7072631362612,817.7795494610589,1260.0411793876442,1006.2586263777514,1014.5950017518959
DAUGAVA,533.9526546052764,420.478354721693,480.42510826087727,512.8105532282435,626.5007047077552,311.49149582156923,563.4802954384907,793.0139975224229,356.6871464514946,589.748036312628,579.7821865003299,681.8868451984368,481.36155842713123,444.1964482929722
MURCHISON,215.9632340548651,188.8888686111467,190.04208440842078,208.46627250001697,188.4429046480715,204.8153174539985,250.2162774189514,228.8377614387151,241.89481852236105,131.0627251775174,269.87283528230785,297.31535252346447,89.87629936707371,230.0008158667444
SAGUENAY,456.30785773543295,390.4694532373575,540.0825570022826,445.4184625836203,626.778492372932,198.7979158302555,546.443422747636,840.4570561995015,311.2461372074351,-86.31321895900379,548.4664451251974,695.2570973615797,448.4580589596959,366.7767133544416
BANCANNIA LAKE,294.21711392725877,236.64805911018448,250.08218400612964,248.30776195688986,227.06192541120964,221.79010985105847,280.533822223175,261.1116159276103,242.9706496772857,198.3648569839123,440.72267212614514,319.6479847673936,90.72311843158315,279.2554574200483
PANUCO,826.3051957255614,944.6450540564816,662.4685143441554,652.7706283974255,772.1166258606288,463.20789224078044,698.1146794988721,705.9739897892111,586.2074004385596,579.0040226545422,711.1068798395867,761.5622645561742,766.5902023383046,728.8104458590859
ANABAR,204.03252767608956,200.0612510411906,199.59432863761162,169.3358349311562,236.97376184433284,100.96787840599883,169.6491758104099,304.1983593907611,121.8253083507495,146.04894009319295,190.38647385679724,268.82075045011777,236.50062860906502,201.4907756698064
BACK,201.47782477266554,193.040396482175,197.9758059154097,159.03068536534096,197.13748726523093,68.72752806703349,179.61789228529534,245.28287859673043,118.02625522425114,196.64028719318517,202.79780951127867,290.4067237917335,,146.2695094458872
NEMAN,567.1414207709556,469.32416630186543,453.45461265787236,506.6961479819938,556.9542181160139,293.52005996708135,606.5195135415197,710.7014253115266,375.7575247979141,549.2201393283265,553.2885153132958,658.2044285434098,473.2625429264943,464.4237457832008
CHURCHILL (East),347.9516291441236,305.9166463169625,391.30296061384666,300.72871773515635,483.51283814545803,97.14511481455895,353.09395435718386,590.264371894505,141.20935595243049,219.1998870473824,467.67380939653293,522.7806902039354,391.1616859656341,267.7739910178263
TANA,521.6433957841556,856.0932049584978,509.7409918265827,627.7092687452093,614.6983954118405,510.8807044980973,487.81346070922535,467.7756766722493,433.1907296118219,632.3841320154672,438.6382499009904,567.4854732335173,575.4418235170526,753.5037747654791
FITZROY (West),518.2274687207748,430.40363676214054,497.5645268020979,450.4525312385098,520.712612246991,268.37564641684355,539.3641485341872,662.2286924726989,339.80109224448677,549.3166966287488,751.560422939908,696.7157917522243,298.5097783836022,478.3633626726081
DRAA,109.05842826692769,,121.13351085003981,142.1320459264536,147.21081006515692,126.91697307160594,154.68860703124358,159.56414896810853,151.20587332987637,129.4328439166966,120.7116272346478,157.35173659447926,,183.70582959089123
NARMADA,715.6907138384446,617.8341670242833,509.76419553083815,637.162109537101,674.41348418761,271.1175656783738,704.1509157412671,678.2369041962755,317.78383734670024,739.209540118746,659.7943280294288,752.162682170532,514.4172071819303,732.4275353540485
LA GRANDE,375.01278455517854,318.5967057393236,397.8432332740297,300.5329822908761,461.85601405037625,112.36895660404946,338.6965280085881,540.493449868604,171.65316329458167,282.23906835567425,472.19224346479405,531.5686922541078,400.1746142030169,224.00459731842753
RHONE,633.0422790527361,591.7524934520602,609.7551601220183,622.507840960349,707.5918514654747,403.6818465087423,647.8845848493986,725.6431910710421,460.7896193071427,718.2812993357522,591.1221893516777,707.22773359543,574.3853139559518,495.88126638088454
DOURO,561.9354758662911,490.7739480096252,496.4128192243162,451.48866561822416,557.9698225042276,317.4298270127909,515.1605887666603,644.774445702926,380.0765871756754,496.5199247836572,519.829009239665,511.132887974686,377.15467678706824,389.53260617848866
BANDAMA,948.4836024792306,1191.580890772318,937.4306546087807,809.18824976885,1147.2507447806615,611.8516161895519,948.9646433497935,1133.2277719778763,760.9721737845451,1130.350613924684,961.5612052584696,1076.6930076412623,1155.264748858007,1229.0084355036245
VICTORIA,608.1257411553079,529.9554171309258,533.4877706334466,506.19863884742944,559.383511243238,295.0594160341683,582.3375786616411,690.7572730249519,370.0474527537323,561.6629198836913,916.950063763146,749.0482162821025,386.5812339192228,545.8554291795159
SEVERN,423.3862868623536,332.8718029841393,465.4553969935637,402.79349798718516,521.8273864555528,206.44241025673085,478.55872653693325,581.9311856711702,307.0982306304439,143.56601124469572,495.7140210613952,580.7719760828995,369.124408053144,350.72645251335774
SAVE,662.5031985087462,867.3823754620646,566.3602831936918,630.1068524399914,611.1489956028289,476.3968568945526,601.5769476686021,604.5446861292387,486.20869763592646,639.7500399459299,642.0747922619412,665.0151437253122,532.1957357560213,603.6163366134022
HAYES,419.1519028175991,321.340792355764,456.8572856926373,393.11041335919833,488.61624024625706,204.5657589847489,463.9099647258337,534.6419194964412,298.87222855122843,239.88459231720958,476.6652467623151,567.8298129351997,354.06607513092183,355.8662907587537
MOOSE,510.2131644958745,417.58163438119817,582.1317536927543,524.8095226786601,662.1137798555493,266.87035488596763,592.6577203435701,718.0056218709485,377.4116786561737,258.54699945318026,586.6201167313156,716.8862078204703,465.78351300404495,422.63414757223
FLINDERS,481.7790299879525,460.49402725836944,431.4642829900343,432.13107097853526,391.1498062197401,288.28568013785366,510.30277732085386,481.6688176514408,341.17023428996276,404.08248951279313,825.4019860181985,595.4274045459563,262.712383005967,530.3131778725948
LAKE TURKANA,815.6633147886928,827.0599712394047,763.8150188777664,683.4339743076158,702.7152092497913,510.5627427888054,687.1635663343778,687.790028522917,558.0044421000578,548.0896850347797,711.110419406696,799.3250127254947,593.1179580746879,725.7477545858551
KUNENE,790.7183735750934,1049.806832540597,680.8084684430013,604.5399484518149,591.1635583526242,444.97847146669284,656.5866864748576,745.8532769151245,488.8974822052984,592.963794668122,672.761712872557,777.7885804351596,463.8955113150241,715.3938563101249
COLORADO,547.6754633112121,502.8733105960199,490.3354391219282,496.5713754743794,415.87519945373714,334.30666924848964,571.6418351562977,505.8122755613791,393.53529970065756,423.1211729478149,801.096153343555,563.3201725755611,383.59850186280283,673.2307093463737
PUR,307.2405687688024,246.10315656730057,258.73224528727326,221.22901184853043,387.7080576547799,137.76946269681247,246.7142885993138,496.1627414395787,194.79340064582362,287.356014723795,304.3602476565053,386.6269376598259,311.90638756306515,242.55890489940626
MOBILE RIVER,952.539545412615,931.3418003844632,939.2986662843214,850.7881956063666,1079.9976236267603,595.7986509962902,1008.4587856816388,1221.1696162968315,745.7525009898459,719.1927498874095,961.1408174760102,1069.0788637274159,883.7166024724972,961.8901329471876
LAKE GAIRDNER,298.9799615436005,238.19810722629123,229.66306416403245,192.03705921453087,184.38774762809095,189.15982409569833,229.7104779933722,220.14794382047253,227.4436719678672,141.9553331970007,269.9350188202835,217.8635387545577,126.98727163852853,139.81167082276036
RHARSA,196.00182134787642,,132.0456576329315,200.0998397336352,218.3202508413245,164.58686606769143,228.03346962260017,242.84769861885542,201.8710131159826,186.20565151682177,215.35028939268528,238.2358714337875,,95.91391203719385
LOIRE,662.6746395825209,643.7879589470355,549.2540061409484,605.9131937125225,666.8103118589212,430.41732047501864,645.7750409458869,728.570165483967,483.44926701802206,646.6868573795572,613.9863923011809,661.5565366845199,596.5061792901066,489.93270479497386
BRAZOS,632.0290285787455,569.0636886318574,554.1339323289715,595.6232344338088,529.7958482114892,354.9268404776396,673.7361796477755,620.6157958867631,417.3400566444063,519.3699113402442,807.6895294595915,634.5635406396925,411.443774954545,745.3522000038289
ODER,603.7023583087064,512.1455337975256,458.1512258682611,513.5791082655585,516.3683363756325,341.1326158832735,576.6323344074402,651.6248404039832,417.98811777795606,525.3026110377837,514.6435615701073,559.7789271223695,462.7215732825087,450.08309756409847
HAMUN-I-MASHKEL,88.90363130604867,,56.10177052538272,59.53277557654239,65.49686406591017,64.17002087669707,124.86443275805334,134.12845926870318,132.5620184430922,51.12078158292505,98.32998263253312,88.92514785346822,,149.3986254450733
ABHE BAD,441.42198020062426,549.0378023209478,448.3617059041555,571.6685974793779,532.9538708502845,346.20652963955513,654.434800627236,631.8987248406753,450.2518824207617,452.63835468515225,472.48622476183147,521.2387870678212,,456.89526041913484
GUIR,98.59034215291929,,96.16903470234169,130.85471564904836,139.46125503182594,121.32519366006711,146.61282593285898,155.32588783117907,141.65275903713328,132.67336451466002,124.31403048797623,157.61807567455784,,147.47546409891837
KUSKOKWIM,295.0311345795464,285.8785195235178,323.22362611078427,315.1620910094988,391.03739523025877,175.18269430200456,326.0414967980455,452.5068302494131,215.90762880594448,273.87906304756365,351.14376149246164,399.41942076794066,367.3650250043744,275.8058138063884
USUMACINTA,1239.9647417677102,1364.9735557203944,1204.1491323979142,1209.879073415307,1561.606448945957,885.3743689212749,1296.971848656913,1552.3424725252241,955.9119703094608,1664.4732704702826,1202.4048670164525,1301.5266901405275,1253.7187091553621,1122.7480194450575
MAR CHIQUITA,859.6826473155677,729.627861881231,640.2916489694511,619.4937775751163,539.2267529844637,497.3442242865267,623.837871428512,545.4764909891956,513.6819228735648,566.2929252883364,692.9970021176949,641.0573772515869,354.29094894194225,698.1622205290878
BURDEKIN,605.5920027625026,634.4042126575102,569.3898172736408,563.1300543604242,629.9956367575707,381.2173559520542,617.0781206460093,681.7757281006924,439.2934222338633,572.164706043065,661.5272003180075,792.8146656172044,513.466922567669,573.1960024849598
SANAGA,1018.7163445680786,1304.6181531290308,1106.7189251138195,897.8626963613573,1310.908331967679,607.1692699367845,1080.7759364334922,1467.7560284457154,757.9242933399205,804.7772524989438,1076.4722751461281,1330.4152997699614,1121.1530142500858,1238.144428585841
SANTIAGO,717.5815704618788,920.1034304735058,652.6781392835029,529.8343986128114,585.7262436862776,407.0208468926755,632.5342594929108,681.5327904536261,516.8722106985891,525.5072129067541,677.3630527242638,605.1737980326753,539.3815361570757,444.47092234830234
SARYSU,247.71501050110973,253.16641050658163,154.6025778209483,185.99335323477376,185.2410933666409,108.37634877817841,269.9681858078541,270.7184836475247,123.65552014206087,162.54375647748392,415.96268101264576,199.7493040998699,153.49144366021926,160.58768850248694
ALBANY,475.926628003087,375.5820587254554,544.6882144548872,474.51910848642956,620.7884370091784,244.99027063343783,558.0072154473071,722.4123046437707,354.59840526521646,145.8176601014001,524.8422365383777,690.5107229075606,421.34247370131123,390.26172859039883
MAHANADI,851.5662016387345,806.1623968733045,634.9782417587742,640.3724154619294,1027.2316479500855,324.49754965708007,776.7899543171311,1141.1094461447733,410.4631072912647,1031.428438445203,737.0463744495792,973.363994905053,620.9233253106999,1031.4772867808792
CANIAPISCAU,304.8545995556475,291.52727739882636,318.26446634991015,241.1853944491142,384.5814227445675,76.80339146265081,279.4358160514227,455.1563720147727,129.90565515107076,261.94348416452584,395.5270387320355,439.38877147889946,378.5307454154016,195.26958255668984
NEGRO,373.236884719407,316.7346915266122,290.30132834024727,236.38118851872122,323.0419039428791,177.66685085635316,427.25681677433084,582.5515496898129,281.69888865580964,213.80999570453977,270.8429241538978,401.5647269585321,230.65984121334995,232.3859779926935
GREAT SALT LAKE,396.9959918112338,336.2293325041584,319.1921700145,312.99990186045056,309.49473255329093,212.47663587390875,340.84261222034195,346.4014940511064,234.473555999778,306.35972687239484,497.5597886879483,360.3284510547492,,366.3312134266032
CHUBUT,288.83679863504875,347.2596258274717,169.83245300964927,171.50484926601413,209.81425260771698,126.1384393255847,407.9351677904705,517.8055423179965,266.43803264590144,191.19023741500376,238.97777342603723,360.5595670524329,252.396425254074,133.8435433006584
ELBE,590.9456682477927,524.9483726598569,477.27930896882134,525.1225063401153,555.1180169589412,341.7245702959673,608.0913480703239,702.0447107703737,424.214613567223,545.4954562113062,550.0190108408345,603.8313914670259,490.8390970272849,418.4434304017148
RED,962.7780300843218,982.3110275629493,908.2286541446936,799.07403380734,997.6375296819269,522.5589659889381,854.5332846126457,985.2438573066069,583.8312951352683,1000.2484149665182,926.3912449244747,991.8229098649887,985.2866778150646,898.6249287662916
FITZROY,583.9251712283497,635.7038336484108,596.6413243891564,584.3486309346653,576.1070415051155,434.21241964280443,630.8129328745739,608.3562513638741,495.3696712645289,499.91840843847314,704.8659947092676,706.1071368498515,469.94217395551294,569.2269728372801
TITICACA,842.1768326336826,633.9591092865079,643.4850430082267,419.8568179233574,511.2928991268906,282.43709313140596,660.6612308064687,791.7469977323527,402.39320266402757,469.22628822207025,764.4767791960161,465.6992389320524,,152.55867962849075
MELRHIR,96.33595111294942,,64.88988244006728,119.2706836243364,121.92205703301208,111.37812224593779,135.62819029683038,137.79644853031172,130.735106178594,109.72350147465181,134.38128636540995,129.41168333522762,,27.446382557412004
CUANZA,933.7821456147525,1316.233066628923,982.1382075490276,815.8462437918975,960.4836207186747,603.9050887568457,864.3354398953057,1071.9128007831594,673.9305210388748,974.2912244201929,894.7235323499932,890.282035847083,834.6958950115452,931.0554372142063
TAZ,294.144448349163,255.0069719248409,277.72342360528523,247.11509108131978,387.96860308941825,162.1257577679678,279.6859742883339,499.58927026851063,221.80816808505793,312.1261400669031,309.61294873052145,383.37601757193977,341.0165508192632,269.8581912069247
CHUY,298.0397970209459,267.0170218306248,176.0438829412319,235.5003861139136,241.53380045469513,154.63851901464574,294.4205013933033,311.68560312810644,189.91593664702282,227.90705680298464,407.07745415784376,231.329297724922,187.5922772301018,143.66837709726755
CHAO PHRAYA,1041.4547548131964,1274.7361917372043,894.1533586762243,884.8796591838418,1166.4094715665185,571.2409006470898,971.9409635679534,1258.5416896548534,643.0043647522816,1130.4275313230962,1002.5535339766118,1110.1101433044705,1066.1582614096021,1138.5741384526016
RHINE,620.3427171955053,566.0659950200787,566.0340159499019,555.5200865405166,637.78480912902,354.759247025553,609.1710689383737,712.9459199920439,419.49988110933407,642.0801689316836,557.5295543208487,689.1990448824324,556.6039089248528,415.49280706943864
RUVUMA,845.4044615783781,1174.8988172406064,775.1409811348578,739.6765062589968,1011.5703720098236,569.2530935511121,730.9911110096623,1039.2419487337488,576.6870535688976,1089.607006970807,696.6397497535636,1022.0556231445487,873.7630833797282,938.6438814051226
PYASINA,167.2505408679655,178.97143404351868,163.0159433952868,191.9925340222812,293.3903937495012,61.3221650895715,171.71766413990733,352.629377466848,92.7483589508141,187.88407545614007,175.7966833493863,241.17794964623914,,136.09936594785253
HUAI HE,825.116769481918,728.9360452596245,662.7371945363213,724.7219415834505,762.7026650983893,328.4569902046802,812.5747801524467,784.5511641631249,380.4841589240708,748.8218060740166,624.1222598665738,765.1976976559337,604.6119919583056,790.3234228990905
ANADYR,223.1949143737726,232.40000019685476,212.95158560274496,177.53450285747417,264.2820031430864,81.74189744640213,188.55726582523218,369.9470578587838,143.44390401460765,190.30072949820837,203.41567270862757,299.21945503834047,313.37738385990343,119.68115454791275
CUVELAI,644.6080109937852,842.3085713733453,545.0946899350345,492.9630487920297,444.2242785176568,366.994413485497,582.5605056321652,629.1341827890442,437.4496669530082,445.7184752292008,593.7154785134187,550.3351954454729,245.73666270532766,636.4774714048924
KURA,554.5810647428113,490.31647785567355,487.95609535485266,462.370614161627,495.1156684600658,262.49914721988364,578.6348101708205,668.0911645697502,342.670599245782,492.52172292167097,624.1777004683566,385.50932714695114,433.87731371624477,412.9357075155814
VISTULA,593.2780425037878,519.3730216974976,457.21143286505713,504.10475271340937,512.7486192044762,305.4502761724963,584.8975228827355,650.8321457086103,385.73235069097944,531.5648279076638,518.2744908523607,580.1808586593938,470.78963987534206,438.28438906763176
RUFIJI,779.1771510392075,1194.5464797470995,762.6335278388553,772.1706006214523,945.305168650805,595.6206400063865,750.4254774789405,892.6715652841815,591.8732221329435,1007.2140755872924,565.7772871577197,911.3192967274736,846.8533113062631,849.0316880607359
URAL,412.52323892183404,325.8955482973564,299.4998690880064,314.82473501963193,306.2285074479593,221.63977804697555,423.301932236281,441.54862475721905,246.5867191909024,291.4484245424455,519.8893065214658,375.77067643095,280.8592176875187,327.6541723335756
OGOOUE,1144.0901754486324,1248.6735457674617,1237.9915348445936,987.4869977014365,1280.205744904425,757.0909526149824,1118.6927664369366,1497.205491399904,873.1343630306467,1386.1782543755392,1311.48422715868,1472.2557104582186,1255.7926627558236,1128.1637175696728
YONGDING HE,548.3948753070824,556.620223314139,438.1924333531485,476.18487919498665,455.41404530832307,295.1658145196367,516.1312272023008,491.1656635308468,354.9935774827024,484.0531368820075,563.8654192890672,471.20908608497376,389.98241566785686,626.8404060602521
OLENEK,228.5870385764731,213.42026040216993,230.83099906556095,181.18696858853565,272.55282618400554,110.03587182843981,186.68087911379274,325.38289711630705,142.43193571921503,129.45795713139864,207.54997395083154,301.2678800746888,257.1226038598971,220.9883193629666
LIAO HE,486.82059457930745,471.37723234334663,388.6444102900451,459.6485469611298,441.46468838439876,298.27059467458673,527.6208238381678,519.313400919782,374.400103573633,457.29998278486954,515.7891132030818,428.67054176334113,360.6664428551826,484.80829142417804
HAR US NUUR,230.5497612152904,286.7317949277831,214.9750685515849,165.97113626693985,176.87128693715212,126.91630032407673,171.00838725492252,187.26703305045453,164.13898685658813,164.86973600731534,324.8852495436185,175.49283788508743,,144.81229562264082
FRASER,368.50775340532476,345.17982767311804,549.6079339233208,414.58691068472825,532.2712268132098,234.15692317470877,505.7077462545938,681.7403644655699,275.5596347649031,55.59347557033573,469.75933747704886,550.3033493172686,396.7645676389378,399.83925814107323
YANA,220.94175913496875,224.33452899394948,259.7672881055729,169.85646928951368,255.7584253973584,123.87330946637682,192.6390234355178,316.06612731744264,175.6997010900889,-179.44029205656702,256.2500950588724,329.45820514779837,274.61230813803814,231.96840702858032
THELON,251.65493234674085,219.52305017190005,243.55802898432543,198.83954602262608,251.71167972783346,100.38779073713359,222.4676121176618,311.57994998670904,157.42244826111434,219.68508675100256,266.3054645594451,351.1013762891184,253.7047500530657,200.83065853066304
THORGAY,289.6789656606917,254.62521935255072,179.2462975066681,199.82837322804295,196.4450493218647,108.25502318800916,297.8875729201662,300.62403017469427,124.7590498254164,174.9362868882702,456.46404829484453,228.3820426396334,159.22616514046905,220.53759725092277
KRISHNA,768.1933196621105,732.8659150618174,583.7326185990356,609.0856322682735,650.6837152309296,264.14108481199605,750.3884849980853,803.0644120187821,364.78674684712144,741.6023384462326,509.21197324713637,737.8799505696395,623.5385013654331,722.6346377474936
MAGDALENA,1253.9071484990068,1383.7340311881653,1218.446139026329,1061.0126635116096,1136.8912666621427,758.8204657763121,1361.4726663450083,1642.5985546963232,1053.705418817855,929.7924607797135,1133.8093033192577,1064.154910824781,1192.1842828958054,1001.3893427177711
URUGUAY,1126.6436589117343,985.8773759920321,890.9494419489276,1017.9490833304415,942.1321648328467,606.6749619257318,1147.8207109068449,1004.298263843564,716.412652755627,753.2178382618533,932.714910194223,1176.1921369453344,744.5250128588514,816.1941005321921
SALWEEN,686.2652684308143,869.4107108715743,760.8456201261884,663.0425118593929,857.811112331962,410.0822708692828,742.9689337180137,919.4318325560677,487.34076759722177,855.8778412213502,861.3955314292045,762.1140853248968,856.2045021721311,683.4759900570606
NEVA,467.87814488746824,325.0036214252335,454.9026105965371,455.62784322601294,601.828964828821,299.408895646323,502.8892057330032,783.6155807656166,341.4144904834235,530.9747774405707,502.24166742148253,642.5185382612772,,414.98905824236846
KHATANGA,194.718674838132,197.6853823887528,197.33734017976582,182.86879499335936,285.5145922206236,78.24584490924151,162.3390242330573,346.88818572330837,112.59987490587511,122.16727655328584,202.72477902909154,284.17168198011484,270.18355117347,169.07240888677939
CHURCHILL,434.6796749022657,307.08026117712336,441.79745531755134,379.68196875074534,422.33650956935236,213.37445077619606,441.87472825475396,500.71586745672437,302.9983810835897,284.6167800255418,468.31460277871,527.0953751835561,341.3461811571777,406.43229649867436
GODAVARI,799.9065216109942,770.3283740780502,598.3919183900398,680.9488538886412,756.1124282755355,306.39907260450855,770.8633482434034,799.0956068171315,375.4938917358278,846.1787930664316,648.4889048123099,826.5038120419791,616.7499091528889,826.8250128437315
PECHORA,291.63265814219403,261.31218850574925,315.951480118999,297.5647206550987,429.3923085164632,166.86847111407218,321.9500616060929,552.6740775628343,209.2311162745299,216.414201034247,374.4909141137904,401.5297865737333,336.9224314766817,291.8865854117256
SEVERNAYA DVINA,409.95009502775304,312.1909778884739,435.99909638117896,412.7846654550376,556.030388461232,256.41052478923547,478.02905000359516,755.2202520437045,322.39199527691636,347.31144197049457,495.75119519155106,571.6025790329519,392.7440309696531,414.68712481555474
PARNAIBA,834.8870135208302,1279.8136675782562,824.1325485215323,777.7298760744692,972.0503253429067,588.8882665961008,880.8240367253269,1032.983569800656,670.5632747065564,1056.4745594161134,896.0692762134261,970.5917116203339,953.4685671034746,1199.9180947859552
INDIGIRKA,226.30953235420458,217.8287188738039,247.90751647006186,167.4039068307997,248.75909287536336,102.90760457270828,185.10251878917478,330.0683672763294,166.78202151576062,67.81839756109939,251.8847416998657,320.2679591647833,285.1824783068597,193.42542284856
HAMUN,194.7184810273373,,100.53554162817971,155.0827671499909,172.40323085005917,122.52432522590107,144.73697255185454,156.6061153063566,129.80866302462167,173.6012204254956,188.46690421502808,152.76281899091765,,136.11376593649675
COLORADO (South America),408.3677675742937,277.82789021817223,234.98062009117,226.61480345959603,218.90665507905973,190.5998920151113,371.55718769140634,379.9514301301839,299.6484264690163,214.11294496143574,405.5530814755326,293.8399277796894,,222.24468048971895
ZHU,984.5406083156271,887.1220880190103,856.0250308411426,747.8694266510414,1008.5048429645312,417.4943796214605,766.0017411600594,959.0635545829373,468.1360949686408,860.0338779814294,796.3362125888007,1076.6852180201208,956.2216379281965,889.5569406235643
LIMPOPO,506.5800749539596,733.8594056634644,509.41001720172005,490.4244675427159,443.4387883736963,391.70182052131406,545.7713636658917,518.0542885822771,464.762965670023,457.58629709895934,570.4542411286445,516.8075442403913,386.44323118444686,625.8560912483961
VOLTA,749.3911128719192,934.8315672575036,773.5514845721748,687.5069442736398,903.0431339977022,411.21633330871873,853.4667916468277,1009.0599880468168,538.7802279391142,944.2721393698819,805.7320145467512,954.395781899179,716.4535410346479,1015.7377463398659
LAKE BALKHASH,350.15920522388967,312.1799031987512,275.27898625868863,261.55133962464276,273.8539695856055,188.48231859988203,313.9669081120344,336.2474577075301,228.7880048701908,255.49160512346717,463.2287017571842,230.34946340953124,219.9454853215321,237.61684249772784
IRRAWADDY,911.9959618570514,1032.6216142751941,866.7402902243497,889.4775952117731,1221.3846634690428,553.5839375467274,980.4392492807121,1302.1736963959083,644.6717423561921,1205.8345928617878,845.7292805966605,607.675384493495,1008.3197198601101,909.413609080806
RIO DE LA PLATA,826.2047508892796,781.2932285744288,694.1147640667494,765.2407346144323,646.5995503807032,548.5903278864399,865.9034327845742,732.6024167483296,644.5561233676638,649.175303620078,765.9369392780353,803.4398961997149,456.3990666413456,747.2623346959479
DON,536.5816530295983,418.5622766466402,412.7340181030728,464.8762568708442,467.55563337313845,295.73874228711753,578.5551820822024,664.0250036593744,341.00479834652504,450.72202730735506,596.0378049140387,499.1857187393747,373.46250605989593,385.75437887408486
SENEGAL,390.34958800866053,,419.1545278992435,400.65058243557957,506.62093321444127,273.51446908098984,487.2546089974694,571.3055087773521,331.37107338534713,517.0830033543712,425.6141082445338,482.91645648601843,,651.8881196244799
DNIEPER,583.2083079956877,478.2176079886614,472.4875759099115,516.137347497012,537.1338550548252,330.1382616220516,602.7314238445073,690.7994010770127,388.55925867869615,537.259853817063,602.1254342514383,595.4651239194889,449.03477436632585,444.99211688083614
BRAHMAPUTRA,625.1664128104208,658.9099656127694,614.4059963136573,582.5097109110367,841.5288910026177,277.36662973648635,646.622757829913,903.4742362564436,364.01474455757466,828.7970169834883,671.6600015178798,743.0357822329614,679.376689478361,484.42573391963015
SAO FRANCISCO,754.2963478030467,1148.7399755022493,763.4533630416174,728.2270261910936,841.8498276947645,557.53152931449,792.1035064562609,855.4301058070221,599.9784910374623,885.6591611685581,785.5203928291968,837.3031104595424,696.3933430829599,953.7788414800265
KOLYMA,250.36090830632483,238.49575706054057,267.0892359952003,185.17207518300157,274.5769919797202,123.49629234440879,207.2713885002857,363.1810471979796,188.5952419388513,215.18311822707133,251.9078208162279,347.97906261272317,307.4218419211097,182.26049230004506
COLORADO RIVER,309.9548696395617,295.67468758982625,271.28561007435655,261.5554185173402,257.34783174983585,209.6585815103975,288.6075058523914,293.59158088634587,243.94133517808478,253.93805281402962,494.9505174453432,305.6897085932482,187.9563553549264,372.64386530903437
COLUMBIA,409.35041421944055,392.8305465500808,506.1884730831542,418.5879322619471,481.536299165292,276.79764148368974,486.6577176362177,549.1642024723059,310.23842416772663,427.39638978547435,549.511687153951,541.2722732794167,376.2607634937562,408.7055232619569
RIO GRANDE,377.36800061985207,355.1489847916286,332.1398449984553,314.0244048913409,299.82484108569105,264.40870969115485,397.898915590332,387.8208787250315,337.77815139330517,294.3497102629763,633.8546643089064,362.7923435281169,244.9148636944339,430.1917757602977
OKAVANGO,614.3622925614574,866.9924043668832,546.3883625736379,491.44039998066836,472.88583694951,354.50817582813437,575.4691025079326,607.3200203642253,421.1976891022021,481.5447572225902,709.9175779266368,541.6395939081456,282.3508570514241,590.4412093678052
TOCANTINS,1030.487953384881,1348.087039673988,1027.5919474546652,1021.3969812679306,1357.8933225495553,724.5751512000085,1103.1436680248441,1336.536218889853,766.1755907414542,1296.8680769744813,1090.0296361856201,1282.5414297739264,905.7579068093022,1029.5945356725174
MEKONG,1009.6728956390286,1153.704678054727,937.5656015347977,913.3531684418433,1201.9530757423636,598.3085398137739,1017.5866916982693,1299.0953273990656,695.0004217762628,1131.3582491570742,1000.4149110384062,877.0089902012218,1046.9590008215637,973.5207284551456
DANUBE,627.388902399635,581.8092232893324,562.4530455785318,584.5487296353436,637.526669044147,356.74083080633744,679.8442093230296,761.7835930792812,445.04896939697556,641.7636361637913,610.0996100313439,640.1787262433138,543.4464301089549,459.6019193649173
JUBBA,430.39866507791703,657.5580696965794,408.0105401265366,490.664878429081,470.45379580406524,368.91216107799704,456.23043500749856,438.3758792604661,369.5300636597964,467.27826563300823,513.0590312981103,537.3210965424568,441.3950150206717,636.7478975081824
YUKON,286.1152892109522,258.71226928651896,333.7698050354954,199.31592549110917,220.42542331447459,137.20689381545716,308.38692479406143,400.6129148684197,220.81327797155615,102.64132535457752,338.27888162979303,360.58040349328064,344.0414393978605,338.40427097435384
INDUS,422.89215133069473,,294.3032140285471,350.4229463560439,399.40911198772176,207.96532354520264,407.4278671506953,458.6093658291046,276.5277372917129,384.0257005593194,524.130452353075,332.65620502489446,,505.54026744321965
SHATT AL ARAB,287.4593428141986,,201.58060291258775,217.07807815736095,242.45293275581759,134.42338238445183,269.2964064816065,291.0496317061431,180.41327049530872,269.77292643546775,357.09518607479396,212.9759833303567,,266.6381920514482
ORINOCO,1277.791406941539,1309.057574815331,1256.2205176048546,1138.3021012282195,1395.8167826628292,803.5794026930683,1340.8201718763576,1615.1786967160529,964.7239387200622,1417.778096144179,1164.1888353154768,1278.2904545845734,1264.8617180345354,1097.973926154389
YELLOW RIVER,453.081749361089,,358.1880025708514,342.1234964208266,354.3362089301896,205.43923263220623,393.48576502959224,406.16620710574637,275.2662560034588,360.4307144387043,473.43329981704983,390.28122817196373,,343.56540046907725
ORANGE,400.5745613523442,358.6130875592029,348.43244644561065,311.7497458984841,290.65519731709304,239.22689015294904,387.1127249579616,373.81536949555635,313.0272781123864,268.1546927948776,550.6588048346484,358.951918176779,129.1372600456776,348.75790164691927
GANGES,736.7135264525855,707.3747792875688,584.720309453242,640.6085415780335,800.0697271324105,324.82952796823736,731.6796545914847,863.4735867764866,392.5520712940112,823.2464279950406,716.8377705178694,744.3033468589053,526.2713525147018,863.886645868218
SAINT LAWRENCE,676.7035636180553,,,631.2193986513255,728.8575885681028,344.49350246189294,683.5139899619332,816.3601941291934,419.3606288337945,,636.5994686604267,708.6652909394082,,520.1115426401793
MURRAY,449.8850423033574,434.7156481970442,430.73791738215795,433.98982210223477,406.1162652538181,360.5660714160243,468.56008768632574,439.73606896877817,388.85564257557826,367.0887627345467,596.3727855121725,470.0266674438852,273.68875208470035,389.36481510974176
NELSON,526.5638092452539,409.4083608935077,451.1897799590473,456.7886037933282,459.3849275786209,266.4134340973469,515.6939445700962,538.9606614403349,343.12997652146396,405.72387775909317,524.7129475249197,524.9095044908513,401.4548459632382,438.69796330509337
LAKE EYRE,279.36728413702605,220.88103365973953,224.66113250782527,226.37720343068676,207.8474488576676,191.56156697497678,259.34903701125165,243.38713141799136,221.1714816141924,190.4846083809157,374.998895967937,299.0424306071958,91.71659566282464,235.8931626282769
ZAMBEZI,856.0641887321756,1133.188242611557,749.2096866477224,700.6377180161306,789.0001156115953,496.5949915732655,755.0085810623028,905.5540806769566,559.8770302984154,777.044151326868,735.3110541054502,809.6845467631326,596.6024807141459,850.8787860131355
VOLGA,494.51797965306815,378.90599796331804,436.9272068849633,459.49316041685177,530.2952102114516,295.2000166707136,518.8466704611835,666.0026041961701,341.51113148096954,485.28570458022097,583.7456928840675,568.0775477959564,434.3494253354973,444.24959297608973
TARIM HE,172.42292545623548,,88.07417517969692,91.29516229245607,107.30936652585419,85.92421978776063,121.54472234233333,142.93698768346434,120.05982862760648,81.51475361066521,282.5401785038572,91.43610506928619,,113.09649610874585
ARAL SEA,290.2911938070605,,194.7174675275672,207.17588807674593,256.54326324671524,139.59733389792748,253.02327036549664,303.6314143184986,181.56024675859504,254.49465491431806,400.56223498347197,176.45915944428384,,215.0885179057528
YANGTZE,768.3963292217417,712.2028588914561,686.661507972318,639.1345040146749,745.4275575605732,312.19407071761975,692.5498128539797,783.9484856468574,388.79760973576833,684.823706407852,710.2576629100826,824.721750153014,689.8284765490241,607.7280933094926
MACKENZIE,350.7119377350711,277.6912275318853,383.29650549271565,302.62245927097797,334.17524961329156,176.26233515610897,346.2191759715249,407.7086435146407,240.48585390076983,239.5196664843009,375.9685827198288,421.90796362949607,324.2336712171559,370.66455165173926
NIGER,416.88705468910496,,440.58637513594874,410.0907933171002,565.4070590789959,265.02995008173275,518.9440744415006,666.7380735590425,353.1017937712314,535.6545184463978,547.5445960605263,526.3676957165134,,632.2487842997327
AMUR,455.281337679045,430.7072532853229,436.89938020900297,399.49669031916017,430.35537443644023,273.3345876212226,491.8163854656083,536.2720795524208,374.2146421573782,346.26020110238017,503.5109808995844,475.98988195171734,418.695477009984,384.25238645094066
LENA,313.78545224299563,271.3108908070298,362.8108524992649,281.4929280747416,362.69647709084677,192.727289762594,322.91690898544255,430.1498813574252,252.59348770273527,148.67835021531943,323.2289740026086,433.8991715276794,356.5710965191361,325.46762948062315
CHAD,301.01329955838656,,263.81093989910426,284.22999019070016,346.7097634488381,188.23240215837282,334.2220791952133,391.75225136265067,237.47053572722115,328.71316628494884,430.44253199849675,306.2606848209536,,360.16150643012884
YENISEY,364.20904925956177,310.8101475245346,380.0439840197616,335.691645744895,403.4955567527271,217.08605037201173,363.44178620628566,448.2572676402177,273.7590233208282,236.1326259926005,411.984253131733,430.7702483357945,366.27673127914784,341.6341559689862
PARANA,1033.6514394061214,1074.0038288343978,858.530908772643,888.5233580149418,943.277833967167,656.2817252515069,995.7905588407411,992.5570584534535,736.7867440181342,916.8360150763459,959.3324505892803,1019.2756978866357,644.5257003866551,906.39349446097
OB,424.69288721977347,337.55790598042313,366.2910373534846,357.6544743050977,398.23359970742047,243.58126151653659,445.9975474383331,534.1139628398785,307.5746777555775,321.0706237512147,478.2146478488547,441.8318013702963,357.51714899185447,385.32027827821287
MISSISSIPPI,675.1627368560216,589.0327578443023,565.2941772092066,624.4592147618217,659.8794687435548,381.3020797293463,734.2277438779797,775.1331166769111,469.51619905972177,616.9527780707938,762.9741020173558,691.076389101552,507.78270670789095,617.9328391053257
NILE,529.3360326165687,,453.4427261090458,445.6597096724396,488.3724297853854,295.2561959684948,511.7265133491666,544.0051516787264,366.48251971917244,427.63075759392757,469.557998406139,460.0665382811609,,508.7194161125761
CONGO,1182.196415311337,1405.0888897558457,1209.9617115344233,986.6800369159064,1213.237762644118,750.0645899735861,1128.0713562822318,1347.9500121505234,874.9725332927885,1110.3690021260682,1105.6908755603695,1228.9611225479246,917.6489724694954,1192.431194528738
AMAZON,1271.2812868596284,1382.0322742701608,1347.4373611079968,1123.6134110012263,1264.4013109383789,845.091399523016,1371.7109531412075,1631.4840466649966,1020.6524297122885,1049.7494802938259,1287.463605530317,1422.0219048991762,1307.8268472800034,1187.8369636636453
Western Sahara,38.923352081438686,,31.192550988272398,25.813779609537097,29.776136137016255,27.543482742290784,59.3419971475415,66.23297855524814,64.03700464913545,-3.211944106937891,57.92059477832411,55.818820867793626,,32.45883351087116
Eastern Sahara,22.303709214333757,,9.809774886332104,16.514789490613413,18.199032381033817,15.359474340605468,26.122613903290365,28.10533630569521,26.51637220553361,-14.564294604045482,23.89857596636586,19.25942718973357,,4.93352307402466
Ogaden plateau,224.94534145589887,397.421497960576,225.4968673726969,234.28492856295694,227.45898900980328,206.9904935626843,294.3305672202505,294.5005800248654,250.78295740418267,227.99427663377963,390.75998608438044,305.45647460297175,243.00487030607798,285.5494793399908
Arabian Peninsula,74.49100974882873,,83.76833640562903,71.3877705235038,71.58986859370522,71.1025714957494,84.50875651041515,87.23773883400506,86.52190339108017,68.40133888737613,142.96296001063328,32.50075757734159,,25.121836138205214
Iranian Plateau,166.38787509095815,,108.34590839557845,141.1876525557893,152.25440357635634,125.72756075890985,174.54358876539936,191.2771112311742,157.75305603907017,164.45004370203634,219.61712837171507,135.23682805514025,,145.11237406067983
"Gobi desert, Junggar and Turpan depressions",164.104959810028,,144.56655392953516,127.36408667103501,132.84477140630898,120.54087556437506,163.5339515286301,172.82434157174362,161.40153952060135,114.23767581001366,250.71162204856014,139.4066271180738,,131.60174678636415
Tibetan plateau,395.9141722214443,,226.157491499367,216.50832720316234,365.3970194481734,115.44409049922766,206.27410195735874,298.90975023513914,172.57543614972775,361.7982416143319,296.9739995640298,221.78541887523807,,50.79811872853806
Western Plateau,316.3416585567029,242.69331372894038,267.52324567548476,272.3380514329946,260.32022422886405,212.0897515820168,318.1116427886351,312.33408573342894,258.47396176454697,237.49449161382603,377.1159367348356,354.94736047126725,126.17022107702512,260.25310933149666
Puna de Atacama plateau,196.23003829246983,,49.19636736137066,157.03035937023043,172.69348004174714,134.79540722351098,139.63322164746265,177.34047153119946,111.31849415090934,161.1795248372467,191.9137815002227,291.1473045631202,,4.619357781016434
Salinas Grandes,563.2360600005272,402.3036665124878,309.6134436969702,340.2166758128339,318.3419459382136,288.7308067889358,356.8046362784428,339.4920285056345,319.5244433128819,292.15830197241104,608.1904078569038,432.02963894759614,,444.25422205112227
Great Basin,270.31034032404153,239.41711600542035,186.77516450018237,219.20159155357481,241.80830302954683,154.74003530582047,282.92111318854506,321.9639889384506,181.95950890274614,265.97931087962684,382.80151290415546,231.73289474542054,173.96356163213792,173.1432184091444
