NAME,CPC,CRU,ERA5_Land,GLDAS20,GPCC,GPCP,GPM,JRA55,MERRA2,MSWEP,TRMM
WINISK,522.6268364151281,605.548390087791,727.46871556972,631.0312198073099,620.9479980037142,615.1614835706112,665.4566907059143,736.9802364622892,739.1438667898091,653.9425337185343,
COPPER,773.3305243527712,779.3829108283999,1146.9051703901762,685.4492642180882,672.5158778398693,1064.1371493442684,972.5663327905189,1264.9610590943842,1129.012448276805,1393.4759117290398,
NOTTAWAY,783.6124439330348,832.7848014790932,1008.9071166731958,884.739991245814,949.9069572110384,951.2590516875619,905.9570999763024,1068.2706620179058,940.2335994023055,962.3856555406971,
TALAS,305.4598990144568,283.42095924603115,423.5179987255771,291.2550098083441,269.135827928394,327.2522915870105,345.0694129511353,401.86555969808865,281.29368907660694,279.00109947613623,332.0383253580598
MARONI,2304.3950650019437,2394.045821248944,1785.9507273369513,2409.995893954703,2415.0461231685995,2214.1405675756587,2506.894283033496,1941.4906332228506,2344.554091350543,2591.2753557188503,2519.923221191064
ANDERSON,299.8275248489614,196.69889786915505,292.2696827604788,190.97526436858624,221.42507414245816,252.91921115809524,222.92557766942963,347.0799281495619,367.86270284093706,285.6428968088437,
GUADIANA,449.6369986562619,484.3066816285694,508.77113390167887,519.0937979857271,513.9962192090139,678.7931575986464,577.6972892157611,490.2588800509453,455.24308608581293,513.8904732783277,577.4085089630565
ESSEQUIBO,1703.5970838993762,2287.6167534171245,2081.666519262994,2506.4828882908055,2162.4363595567834,2194.5803411576903,2257.736911517471,1917.2087638081982,1738.337531267122,2107.915669792024,2370.9701313041332
SUSQUEHANNA,1112.617401055687,964.750272459637,1154.518370283085,1126.7099570915984,1115.1408583607813,1291.2322620717744,1275.3195521455996,1188.1485091870986,1122.2103114767851,1124.456322723521,1251.8706720784717
JEQUITINHONHA,983.3324799791004,910.9953253836493,940.1265974326059,1031.1577030762528,986.3003137444399,1112.5850773395694,1099.0992406560542,1011.2050524279296,946.7528056083192,1002.880155034613,1091.798119483407
TAGUS,477.28910376892964,524.4013906758726,622.1003582735459,557.8299380881275,576.7135088489232,625.7350069944434,617.5800580677942,546.226406936313,503.61671041236076,567.5986368174895,679.4585751886625
JACUI,1511.2676990601117,1608.4566273089245,1616.754481099505,1633.2527190352444,1573.1435277258004,1763.6695283817237,1734.6942347823212,1463.62678551231,1542.237824878483,1385.7564304198845,1817.602518923115
GAMBIA,753.8521874035312,1122.7483140984505,658.8355832860304,993.6781340514926,890.4807121814517,985.9524657062045,937.8324366905501,889.890013036594,887.4720759472115,921.1877355057137,900.8464940732105
DNIESTR,610.1531690674367,567.518001447382,742.66511027704,610.0411932683792,662.0025664561575,805.3472349116,799.4223001886965,777.6168869644176,665.5799351163267,644.6130211568686,795.2566817278058
SEINE,645.3163313343466,702.433404492824,814.4559151304019,735.0154398135749,766.6931060848848,836.45901162327,845.7332178356631,852.3458609329325,733.414138347902,665.9788823127714,807.1117313719499
PO,823.4807974679195,1238.3482911144608,1306.124087486852,1148.5005828369463,962.8867508725771,1190.6619609087995,1101.4239058393591,1054.9961968112184,941.2558905285944,967.0189043957195,1089.1042782659242
JAGUARIBE,888.5385414093013,709.796350941832,726.3798600033733,743.6764456766457,782.056640875317,906.5558749831043,876.226209369985,1059.3339811565697,868.1668184190123,725.2456754549877,867.732771883544
UVS NUUR,164.27952951405317,364.44688299881955,349.9568130455249,330.1940528116696,194.75964704818253,266.47525987782626,232.78322946884396,464.0338739831635,256.2364314322923,339.57244104658014,
GASCOYNE,354.82787642003575,232.11808402564776,220.42383014338583,216.5163896921103,258.03206933854193,281.2994061080227,287.9734301356867,261.0677598714358,354.7029869659949,231.29661171075605,283.2282190349464
ZHEM,220.33193451686208,178.0401567380781,257.04759108962276,219.31569057044308,200.1036936388004,301.65130585531284,316.566051361316,381.17798900175666,251.19385575166507,164.77704351097182,271.4353444265463
SASSANDRA,995.7625484828471,1691.862985907889,1396.1769930431335,1607.4605275676902,1378.0813122617626,1474.6587461393854,1419.2161698841992,1485.1502414450763,1285.9298610509059,1311.3964666795534,1370.770605416175
MAHAKAM,2874.83508310825,3127.1379548978593,3430.7108115522606,3297.7776795861732,3279.025941092018,3552.8713971808334,3308.862501311153,2329.7918582017337,2874.796949046861,3517.0264750434594,3200.4345593378544
MEZEN,553.505392205909,580.5118853365227,685.0803610774542,584.2422340237092,560.5969692983747,746.0497825877635,754.6357351572753,774.6299303800645,847.4580162511978,662.2721621239268,
SACRAMENTO,771.0495368890194,702.5112052708977,856.7768288186908,742.6227447343051,763.2736188752579,749.5916750045297,778.656647041417,848.3083499294323,731.8066015820617,751.1660315122774,770.1332808270627
YAQUI,528.2480459687085,527.703483899632,518.5130551997705,466.46898852959805,534.6191756057758,594.0914113523387,594.3387086185321,778.3392395400891,501.4290936286523,548.0041160997823,578.6728748076416
ROPER,1085.2150491468692,831.3321391419009,906.2884564680787,971.1402865602067,953.1678381911576,1126.7648392897809,1026.8536615851526,1228.6278451613994,1122.6097075934601,891.3146084207286,1035.6646951927175
ASHBURTON,387.83092603819654,279.41578227097676,252.14975489570142,279.4813794169917,318.05700003886744,346.87266832435125,356.75767891226656,296.6962158425396,404.2343135437943,289.7555918580296,356.40816049389406
CAUVERY,989.6215816841298,1053.7756533320794,1302.8549335103357,1195.3099522872349,1083.2051398761935,1501.4773379525823,1240.7261492599127,724.1117722068644,1214.0731054957796,1032.1399462545198,1260.7354133484903
MAMBERAMO,2514.171377363652,3074.6212543266315,4848.541901628805,3414.6775295741995,3280.01213415163,4060.4360531173784,3619.563655998861,5172.506595392084,2505.9324763104764,3148.448827795957,3714.955018141164
RUKWA,854.9517309746589,880.5949374180194,1020.23038380775,902.941360361305,970.4222603444665,986.9043389920851,1046.7111706316746,585.2091395499119,1009.0477267269423,914.6697182908138,1025.5085241064405
SEPIK,2540.9401102093275,2937.59226843203,4338.0813061476365,3231.5159420305645,3054.991739726868,3846.530489670109,3758.504703458075,4337.593673135574,2452.981903032996,3098.3241505187716,3698.2119670417183
KIZILIRMAK,447.16979008083246,378.6501286517041,529.0633253671289,470.72608704047343,446.8266701641358,630.9905668857813,544.7789338404973,618.5098928555495,482.81028130564437,459.98162627510055,565.0634736937201
DOCE,1200.3688802134882,1176.492467636414,1243.4381751281273,1330.4784885647443,1315.9600622511662,1462.6536930895677,1400.6063902138435,1364.01841904502,1187.8861252036068,1346.224086045683,1407.7991480426003
COMOE,1033.7832125727027,1333.495549062359,1036.5629589364446,1157.837768666551,1082.114443965103,1179.4936536343118,1124.4188302380983,1161.5830995153663,1174.8351273342137,1032.3220531237016,1084.629724219726
KAPUAS,3440.300111611853,3657.5480518066747,3420.993879054986,3837.936298791742,3894.156374392238,3944.667900996473,3854.559187280777,3405.8939152507546,3472.8175495292016,3738.441713824689,3661.54038085411
SAN JOAQUIN,437.04644697086553,409.7296858200472,545.6707755681274,417.14227212203457,438.6720876764968,459.6398445348026,460.9201265200405,529.6078121118428,462.364104707811,466.67901851958294,444.54680014753376
CUYUNI,1591.157106418584,2123.593081422058,1799.5373438835861,2253.018210313713,2153.961287492604,2321.625287801484,2227.4521649852745,2210.512179818832,1583.2396206718163,2035.83741591764,2256.884408452733
EBRO,477.1638176787792,670.095555234129,650.8497576128063,625.7879432237605,577.0950879365507,712.4360683273705,691.9849197170662,577.7467513324424,576.123133051462,615.162532118572,696.7544350077237
MEGHNA,2124.513892274281,3048.009884164738,2551.490521303632,2761.7793604239732,2798.5013344761123,2430.8535092288084,2813.8331304032604,2318.6872065450416,2090.3751408861663,2983.7846372627782,2834.542798035385
DAUGAVA,655.7930639436585,695.4847136870706,786.9552974310666,704.978047629509,720.2106437226814,915.90327719825,925.6235575374478,828.8330322655678,848.6820532675745,678.5362203243849,
MURCHISON,314.41624935046514,221.0872479395204,226.1488765435075,211.927560864945,239.62927851084518,255.28537730908556,268.814984103137,280.1374611139281,318.5090145997213,214.66509554729714,261.25526362289077
SAGUENAY,733.5436717672088,931.3794753013084,1125.625798618123,996.5396260237328,824.7773071272841,999.3347610969015,1018.1668880050318,1133.1115980541758,955.64599722005,818.3683216988579,
BANCANNIA LAKE,334.05945444958013,236.92034313422056,284.1582776722239,263.36880099370717,280.00094211576703,302.0004228056409,301.6171750026667,494.0268595547218,338.5370001057804,280.0106208585638,307.1113922439918
PANUCO,847.724966462805,937.7384731552899,1004.8864046502633,1010.2517365719789,789.1735660540908,803.285950190157,848.315906113422,888.1038848130999,912.5087115101584,800.4598728361792,863.9854500497104
ANABAR,233.71127885301743,248.27642059196597,340.0276835133859,245.67131828707912,247.3129481698652,331.0082242070828,317.8828142946435,354.47552216381365,451.6192648860445,352.0321185486706,
BACK,294.1202199576778,224.32009897304275,362.15160686777125,224.412328539675,228.08212866469722,264.31756500559476,,373.94621774363725,491.2723615287915,300.51113498433455,
NEMAN,677.3688684762791,654.0168727153695,757.1086091615518,669.9764562951528,706.9943508357658,870.1933669460925,896.0954007549926,814.5580850858609,775.7223175121674,654.5793137216774,
CHURCHILL (East),800.8278908912865,864.5528888189659,1011.0037578706524,850.7823535919439,884.2497802714722,859.6170292242881,919.1259003423136,1053.5050534625357,1004.9013366906283,1011.2267440511371,
TANA,676.2760086253007,684.8982162483179,603.0139865381409,670.4527261673153,594.0327988735843,527.5167850976,633.263957178621,433.42052542708143,596.158120660614,589.0058396768912,627.8311099523514
FITZROY (West),774.2478353611853,502.1552493014915,560.0813863733082,682.0077025554598,705.8430809147357,844.6870689556587,761.8755576707839,863.3537617721468,821.0329429267331,604.7664508207118,747.7255177137645
DRAA,134.05741865824191,152.43769018690574,105.79300872441877,154.58147758542248,154.12127740359878,161.27259595523998,143.00988752667257,119.1234547809509,163.29092028641548,152.76233255914377,146.90265471494578
NARMADA,1231.3611144762629,1139.4551429967835,1230.8642689739956,1073.4702305440305,1192.8063726101066,1148.8104619445107,1200.358769608556,1110.7334577169838,1186.5855010891562,1234.9440339466087,1228.306036242968
LA GRANDE,692.3419536406391,736.142333942473,921.9500075752698,768.2401580661642,756.5744104879891,770.4914404316676,822.8183067911489,993.6385382401797,899.6089247531606,861.6048842806707,
RHONE,825.1807512266545,1099.8809868455858,1173.2995538048954,1013.4957207134539,1029.132098553267,1121.1755162365555,1120.3921787798995,1029.507984278,915.6641765420488,1036.3771153075825,1118.0831240333891
DOURO,552.7450026860406,598.1943227516726,632.9694208039796,622.0021874358514,575.3727165383982,740.3853568822773,696.2889217259569,563.9808125679775,580.0671646572193,673.9341831854741,701.8467880150429
BANDAMA,990.2315853315652,1369.51734199981,1137.879422157466,1274.1213356141657,1116.520996384526,1226.786354048101,1184.2382306022405,1232.9456890829272,1165.3111430716385,1031.4486114779997,1143.5310014034444
VICTORIA,830.7251148189152,541.041854939804,717.9951659028372,728.577191695664,756.0814967706427,833.1503699159026,810.9861320465936,1190.2218390820613,878.7110712245161,685.0711132168042,814.6511169230773
SEVERN,485.86066763900436,580.4896075268058,696.6482812870752,620.5460253451187,624.0147075363077,602.8357398067283,597.9413416151064,717.7138598097285,706.9152513362475,644.5739045707885,
SAVE,719.944263268005,721.4508839931705,704.3756284459623,702.2613117896569,630.2450917884914,669.8664013353846,683.6799709288855,702.6672653529254,708.3929025454809,648.7486924065417,673.0130314590824
HAYES,516.1591166162125,520.3133894332724,645.6859938683418,545.3836451743692,543.06036877522,539.3537641067098,558.5092617931949,671.2645842692334,686.5775763325562,531.235458411926,
MOOSE,721.1490249641454,778.9950933295165,846.6822382629283,819.8399050806626,774.0427908218788,783.2801890822594,786.9828237097856,906.0835909807954,856.7635277439076,766.10022633059,
FLINDERS,653.7442545845548,362.72567659436413,536.3892090220168,515.665324816731,581.2136422484904,619.2341708315903,626.3013611517508,982.5692828891985,698.270856264964,555.6381240244059,615.2888229433703
LAKE TURKANA,641.4428686971421,759.5488746974577,1175.1273299436648,878.6424563490918,952.0784091851044,845.8763834192893,966.4188561650241,802.0961434853995,926.6401946056828,897.4916275149883,957.792031279464
KUNENE,378.60238910844095,629.0089489797804,884.1408139952888,691.2329674081044,760.7244605044972,820.8130135851264,785.1690470535324,802.6493519255615,1009.3275959756827,888.327879466104,861.1073013825144
COLORADO,593.0938977549528,568.7473726618183,569.8690360922981,538.9282462159853,572.8807565776419,632.4707776898376,635.8369778696295,806.2605345827976,601.4908778793291,549.1917615134596,615.7505747449993
PUR,534.7778425098866,444.8035320323485,579.6895420539213,515.970401457955,527.4198220512484,842.236361821028,849.4017551799852,655.1985731080711,688.3059606178361,552.1523822069016,
MOBILE RIVER,1341.2837193425457,1343.9126657020797,1261.250324149483,1368.6536176034879,1361.0209847400718,1491.7855473031807,1453.199152384355,1484.8293608841248,1343.0304444354704,1372.8656966919439,1442.7564155309738
LAKE GAIRDNER,238.85635894454066,182.67151485264444,198.46369524150185,194.2444070049426,205.72142775620733,228.26991913988877,224.49089598119264,270.0191876280664,224.38619486098725,185.70548334449637,228.18984607498805
RHARSA,190.14898916556268,232.87589701792572,188.3705153787072,228.31874609958044,189.00653594638214,256.4859819712191,218.98060526565231,211.47012323168033,243.68226996284943,143.29343477680487,226.01347879470254
LOIRE,700.7466888202739,795.1690526186375,837.3387984701512,758.6486004003671,812.3889157134814,890.344819439407,889.9864158370013,847.3382404886986,750.1019480934867,732.0339096538574,864.2950915877333
BRAZOS,688.6756614776705,678.4864545140215,661.8470890569616,657.8925907830695,690.6981629507245,749.213173546885,761.9318192869856,900.336325757395,683.5916513919053,640.6119686201695,743.696587966831
ODER,600.6604260105257,610.8185531512761,739.0766731481564,625.3191516385172,650.3177656136507,815.194460737964,800.1642523837896,765.3427452667531,651.0188231536665,578.264059605953,
HAMUN-I-MASHKEL,91.96553716240092,115.34802416833153,95.92476126416864,67.24345450724017,108.934194417839,147.1610443363714,119.29261998829006,103.30694761030415,90.45773494854903,70.18654935195072,108.83961959540746
ABHE BAD,503.96698902646824,664.5411340948947,527.7788294091713,687.5107416946652,680.1966329031832,698.5100891621861,766.2382681463471,507.6174795799931,571.2531929935947,534.1294977833151,771.641360520542
GUIR,120.14623884207481,115.69172511886127,99.81889697532196,145.95067429768824,123.32493902880438,159.07746925966453,147.23701411859574,129.75515153432406,165.16015437015565,119.31925684689823,151.82122127238648
KUSKOKWIM,470.3874202842415,438.92513109401415,738.5390092958012,494.03335726669127,495.7253193979708,656.6735017149906,618.2839460017025,735.7670165272368,783.3894466596786,846.9491120279263,
USUMACINTA,1828.2640364624447,2489.617437158352,1881.1887634909303,2441.302592689989,2205.6180915814043,2219.5665786361915,2196.799982279273,1534.0094494734392,1814.7823003005572,2218.1004391637953,2179.2003467574805
MAR CHIQUITA,699.7103724298114,681.9015376874487,922.7646569568045,636.5323312403752,688.3983547408659,655.0347076455027,712.3382882200274,735.6062885272269,703.7203801569542,607.1614030535237,704.0051763640544
BURDEKIN,925.2791380858973,598.575281673722,680.9731733212785,761.4721849496682,739.1567604675246,852.3897649400144,828.1433386700355,718.6021387549303,961.3767600386534,739.9720272951988,815.8142607061543
SANAGA,1752.2234851999237,1678.8339974986434,1716.8014827408956,1561.3764172947763,1667.7631304294118,1781.5680998853727,1610.9289817791537,2110.8416000558914,1523.0481895543699,1499.969287495127,1539.533801737923
SANTIAGO,706.5521932508261,766.8249096462374,866.9760659611275,681.5049018562772,716.3107900952385,790.73334621306,808.0939142003157,947.1566455117418,694.9907043422804,712.6201671436377,804.8840011292397
SARYSU,182.1324813448694,171.64573249604982,244.8290175633315,189.64513430061635,188.20087147372305,285.4166783607499,308.1782152637717,386.3863800789348,204.96055816321518,155.42687536328876,292.5290954554342
ALBANY,659.0002273358963,671.468049070322,795.6828851947319,745.0622313011887,743.1494147682337,773.7604858177035,771.0801336892495,818.97228204573,801.0571224551278,737.8856421763886,
MAHANADI,1391.7209047902008,1370.7817374048177,1473.5265686857879,1252.5306643518932,1435.7905174791383,1437.8824612731676,1434.8902778214326,1297.4398498052733,1378.9823647692094,1446.5368242557367,1469.4255876507677
CANIAPISCAU,714.4756317243886,712.3932238391462,866.8884733740031,765.7889085241775,704.8907560834689,750.336879981325,759.8974966824557,922.8835379039863,888.5410274924907,908.5634544804504,
NEGRO,440.3842186363563,380.59503570761433,545.4889174936765,366.55497505651215,466.3390105485113,643.2590507470067,450.14099684509455,369.5090300659966,432.81635428184234,369.3811833346059,494.3973574707696
GREAT SALT LAKE,389.5810367222265,305.2954312664885,395.3777743534747,336.0642537402233,301.77595293704246,333.20938274782395,347.3296495395456,490.8479334777259,391.2163196521845,328.50220516503634,325.1203805426938
CHUBUT,406.3606402253314,224.51526341375796,328.2139290419749,233.12215864601927,340.39629725893394,572.4548002087374,376.77503394705116,285.09891991585357,420.5001745763586,206.34823606886485,459.86618881715265
ELBE,675.6861748363198,597.9072503313779,793.6382115791666,652.7789033008594,688.8196694197541,896.582833060749,879.6162212670235,792.4611640149844,702.5710476439963,643.4386194316642,
RED,1175.8351705394302,1441.9669718805,1731.036544809343,1360.657044194791,1457.1095642238004,1367.881594251711,1472.7734131166396,1875.5980568812752,1130.6643734527581,1411.831719344917,1478.30738111687
FITZROY,768.6743114074555,659.5511979965555,644.089735422079,704.0597164787897,687.9649827648605,755.796257715517,753.303207365917,740.1480878028024,794.8931699629563,677.3670504666325,764.275859543086
TITICACA,429.7392093230981,648.3100697088006,1235.5473250631246,621.1774254920701,664.0815346788652,955.071274339734,719.236069487238,1339.5894620331796,540.8044071860178,679.8407902112305,665.5410378720205
MELRHIR,148.95368389681718,125.41723632295994,99.67887658183787,129.91500968452752,140.27067422664788,134.6561231816318,146.17282964327228,140.4242816044994,134.37566481073713,74.22810637866141,158.22248390129056
CUANZA,535.394430181734,1138.2251979740656,1206.251626076279,1131.2092411789306,1210.4656149138143,1195.7839287542433,1159.14925699894,1411.9305476634363,1007.2517355605557,1299.1041269554687,1148.7038576378322
TAZ,531.7917262089302,501.73879047567635,596.2221214629888,545.4772302600588,523.7329256756595,830.7411176209149,803.4109024118856,673.5392205377618,697.7424594978961,618.0942963046036,
CHUY,241.16208688214357,236.20561292000895,370.23458916672223,248.0124285720388,232.55138291797834,310.84905477741904,312.73103179028794,392.60053548025155,238.20731854871775,207.58991554106697,298.54325437398245
CHAO PHRAYA,1240.8292500075122,1178.579398047554,1609.7897648862713,1362.2776705172344,1293.923508788719,1617.1961575609582,1425.1123573343218,2397.5874639998797,1265.826398876976,1185.3857314932532,1393.7767691301337
RHINE,859.1047506045749,898.1160711115108,1072.9534425735637,914.3662345101347,937.2059979244381,1079.8185865971373,1104.9695727490832,992.5468277395772,900.2222077099916,940.91577759682,
RUVUMA,886.3007048096373,1141.2792803973375,982.4896878323336,1120.3243980379636,1147.9431600825433,1157.9527256020842,1136.8040626761247,755.3588868895979,1148.3146474345417,1124.1185396257883,1165.5065113107607
PYASINA,375.6366939696686,341.93538547691196,524.1781973036565,392.7860181668053,384.5871988305361,737.9889727524444,,562.8624241556989,608.0182246558486,613.3786522554963,
HUAI HE,891.067660822051,785.2552643577617,913.7361465672108,887.0648399982259,892.3493340655932,945.7296576300126,947.0116403806567,941.7721991167243,857.5206424102525,801.8660684408861,973.1132992471603
ANADYR,238.8903257476142,294.3153444478121,487.90491881032483,329.26389769616424,342.25938604408867,525.5959889176086,571.5321809903804,509.35364415132955,602.5437982097353,594.0080961701481,
CUVELAI,499.1186352486692,406.21453305336337,691.8549230789401,531.3486755729217,566.0251246699765,706.5385857327818,631.2463935996129,659.7456769836205,659.2375327705444,638.1971063592786,638.372806613048
KURA,372.68406621282446,515.8981792545615,788.4492037272574,561.1901279405284,523.152543228953,700.7220404952319,629.3508163505378,724.7040324554879,431.9624141255047,640.0179455860705,640.1065154568341
VISTULA,619.4505598687523,620.2282923359032,765.9032554218566,635.3285553844582,678.9160633049777,798.7374950009221,822.7389649379799,772.8590836250356,684.2548779415247,593.795280084492,
RUFIJI,728.9005214986771,1120.0130244080428,895.5185950315757,1044.4770784903017,992.5943631386333,1018.182548202008,1013.5614239221704,609.4061930589293,1041.5715785339712,998.2907319678358,1028.2714658615607
URAL,333.16906487773264,303.25335391464625,428.86324210688207,331.76239360578023,334.01741606479993,484.6118248279631,493.8747733193915,547.5356275653215,405.78122196929394,322.71031340489145,
OGOOUE,1348.7728347143543,1799.3925182007267,1797.5748388394554,1802.30639508774,1702.3949705887576,1807.4345134331093,1778.211355910779,1932.990011993401,1841.2712188862351,1597.977744200338,1757.607106307839
YONGDING HE,508.4612903417036,463.07094393992236,566.3844379678909,501.8474601333581,498.70301699026584,529.5515593561682,523.7785565372972,547.6056137078107,498.8026815752369,449.8697186733596,540.9983324203264
OLENEK,265.83060808431446,263.5636593498922,353.8081688553079,284.35519448111955,270.66967974278487,345.0501077989668,369.7067900902129,356.61585053206124,456.7206860040834,359.71778262639634,
LIAO HE,475.9852363501949,492.15767718909046,544.5774062450963,503.48212604522644,479.86720570163925,550.6535479288609,525.7611967318971,632.2474938432035,462.09735024757885,458.40977198982426,544.005078070925
HAR US NUUR,136.93694793346026,200.86703220856592,238.18946437756262,184.42547674799576,125.19334791669215,168.3653900209493,147.90727910897857,289.8545877196847,179.094206942874,235.58569308741806,151.5064727099013
FRASER,547.9100878377211,708.0514636506413,977.8861670369915,777.8641789813779,686.5131547695845,805.2972603793985,742.1096789445197,1046.6894506827507,812.5266213366906,920.6325382140494,
YANA,227.52396853375785,228.5350518672667,374.30736022351437,270.0208914265494,247.3960437024683,326.2899526913467,293.8779558587991,391.95633984109855,492.1825370565692,374.3224784284478,
THELON,280.72912156211885,290.2274079997509,413.44839738932194,291.838622252177,242.32624085909782,327.28906762970587,,430.68519943564814,526.948176827649,343.94167061911514,
THORGAY,191.41973407620077,181.18974767325287,272.88673470921333,203.65773896190944,193.16215126680584,310.32998161750663,315.0832127479572,413.33976819178696,237.86646375601458,178.48324449598454,
KRISHNA,872.8562591994953,808.279779600635,1028.2726721319013,957.1957702547201,917.5707920838973,1147.0117393771748,1065.1473060482338,615.291188678264,963.4432386805427,946.0021196729416,1025.3947450240926
MAGDALENA,1312.069427384167,1977.6326149749189,3527.5741808830417,2427.216894481675,2221.285503775655,2788.2890622873406,2496.559778508208,2998.501081571415,1370.0059570401622,2241.145970128745,2366.461088426422
URUGUAY,1474.822593193193,1459.5801509495575,1545.0391385173252,1508.9860865744056,1519.2910491010123,1649.4946036088709,1625.392206180928,1428.3215308149458,1479.515079065637,1429.8143565552978,1683.0997938672022
SALWEEN,888.8030195614208,998.6425459515134,1512.6053451037037,1050.3591933777593,1122.0638323819362,1181.954319731516,1161.8838852796348,1299.3149984037136,850.8113570373362,1291.9214272784707,1187.8947981481886
NEVA,638.7590416814788,624.5865172723617,799.170982773675,681.3618825674278,706.7246476932587,915.3740139193354,953.6073085086593,788.84086666495,877.1901970791965,691.018671512662,
KHATANGA,294.1916007116339,304.6685200649811,426.5062346300754,319.12114657366,289.8304107509602,455.5921367233592,,432.7616207565232,535.6285068584065,494.49171625929455,
CHURCHILL,487.8097262298687,456.10623039579224,571.8108377870292,485.1461822619951,505.4855520424377,519.3452682726196,511.396182626272,638.088635499665,621.5575395754371,480.09690601519077,
GODAVARI,1156.0996978689338,1084.6527363206953,1241.8944295551125,1130.4207546722394,1183.542563762063,1230.537011363813,1233.0669262548988,1003.4495398708411,1165.1038227664408,1174.908101065826,1265.1808781463706
PECHORA,536.5599561751212,481.0344760354768,709.7711404812793,569.769571404751,602.6216971472559,805.0542769684578,859.4298081681854,765.6830162928735,816.8353091154344,714.350680145761,
SEVERNAYA DVINA,591.0770478754278,615.2148223378838,717.5639568124533,620.8786922201916,619.7389269082029,817.2762031693783,826.212693174306,782.6151726344158,858.113545319475,622.8892013085936,
PARNAIBA,986.413900249395,1105.7452669825027,1055.9902780873545,1073.4649548012833,994.5698152841826,1129.4813551207085,1101.2277966522013,1278.5443828389712,1012.4961356327836,1034.5027673448906,1109.9417282455552
INDIGIRKA,215.83361317195468,236.50558583465727,409.57126905729325,287.48165949718015,263.6967302536668,368.27391753910354,339.0887697610766,412.9635672847642,523.7994029942058,433.47317037126913,
HAMUN,150.15631804555272,210.72002598882426,200.74192658071485,182.56723938308468,197.04753264106003,168.33641745602736,175.3520916686713,221.29228433380376,159.96613098451724,179.33320062987292,197.52267912512846
COLORADO (South America),304.10970815539247,268.41782605817735,497.15250004893534,252.68542519440126,309.4797443984074,417.4472228430148,359.0995855131422,440.4212938386645,317.2990985698936,264.60360325623424,354.28230807123873
ZHU,1356.2944387371174,1421.4397806271468,1656.641290380925,1361.9767034703048,1361.9092121862818,1419.0954581728934,1423.3715445837033,1656.8321101888137,1342.7004841223327,1421.7867880899948,1448.3638791647516
LIMPOPO,524.7452666439685,509.5250691932455,520.2200444536315,518.7811949313389,519.5767829055316,572.6779850235755,561.5252282968385,581.7381589893326,550.829383393049,541.5880878552895,554.0261276781639
VOLTA,908.4545907346622,1084.0363477623735,816.2388761346807,998.7169031195775,985.1051258593698,1069.9333358571844,1038.1625320318512,983.0368230431468,1023.4353031653757,938.8048616770099,1013.0695744214496
LAKE BALKHASH,230.32886515951037,267.906344958158,383.8514648267875,284.6704089356333,269.07372667273046,345.0293064449064,344.6806624488007,394.73571109185116,237.12880824073574,304.3770966727879,344.7612068866597
IRRAWADDY,645.3158231959094,1967.9198480832451,2322.6894247371683,1918.6870590595686,1839.8363352932902,1916.7481554380033,1984.7415916891464,2121.4182004501713,723.1395925556891,1821.166054697363,1960.057365956275
RIO DE LA PLATA,917.6584711757694,796.9460804053451,873.2262323622439,853.376393458014,900.9768862262272,969.1089440037629,993.3377296412951,889.3733095760193,932.0439947746297,837.2011159586106,1005.4887357568329
DON,470.18125557035074,477.87332472815234,563.5735952516901,503.365959949445,502.8291332239909,722.2391001417197,726.5886795516792,661.8165772377777,535.3215746129805,475.6760485350566,
SENEGAL,504.32992373684544,642.3037339118121,427.3958631676025,579.2770663878844,551.1246428512927,636.3429016230469,597.8081788595763,491.32114311562265,579.4482517863778,533.0928122528326,573.2552295198843
DNIEPER,608.2260317811218,598.4950841977083,679.747032052555,609.6453732139527,630.7562706347827,811.8366337107041,817.5390621234844,748.4414695713701,680.8117733495128,590.4399561545358,
BRAHMAPUTRA,1063.9807754798983,1404.4906328686088,2122.0734358835034,1335.5046714787445,1407.5276253074958,1336.8269020268567,1430.4821942445124,1435.2951248615211,1009.2292308221352,1666.0497025607935,1469.3893669124902
SAO FRANCISCO,909.6170141328972,927.3946594916648,893.1602182019338,979.3244713084908,948.9274229274021,1045.7062564407634,1055.4953275957512,1010.2959307341474,916.5650408593134,983.8322883095827,1028.815228047759
KOLYMA,293.3877446188771,264.91456715827957,440.2346318786134,316.10398479848175,320.4876393709512,421.28459971944505,420.3770942570466,458.6542831898064,536.0022830934947,533.0465419564632,
COLORADO RIVER,319.3044225787225,302.4955323275151,340.0549163338007,283.72745594548906,282.1838002685839,310.2684825878518,317.4175833308424,450.0972234709558,325.01617314669625,301.46329083302913,299.1521070541561
COLUMBIA,654.5413629322845,537.6588066261834,766.9709768295,580.3430341361591,550.0936736938899,626.843567153804,605.1468968891979,844.2726732150155,706.1008866371307,740.3905287474832,
RIO GRANDE,384.18664142411393,348.39158730421514,392.7616567470682,336.2899790360208,389.0986436241602,430.654434084332,431.7790507000993,600.4445556605867,383.0890983254896,352.79826044613935,410.5478287458003
OKAVANGO,515.2690862096875,494.06704988147294,664.3118894688181,550.3400658921213,563.6601159786655,667.9258950761616,599.7393095211467,793.6971593882506,605.1717103346122,605.2917567829475,616.3794073821512
TOCANTINS,1516.151887335851,1779.5130159307396,1678.3060705170797,1788.7148113433116,1605.0842037593247,1756.025507634363,1735.393122835539,1785.278269667404,1524.7273454172316,1733.0644349719266,1711.9176404613245
MEKONG,1035.9568369201672,1426.4609245395584,1669.677209306225,1578.9747565242094,1555.0279411562217,1716.8122469045484,1625.6247627154846,1932.009474766836,1051.06020121004,1536.3523648464493,1627.1611171620875
DANUBE,729.6294508496599,766.6652520682725,894.9459943462714,800.3572786589073,791.7284579851188,936.1307758190139,931.0101857863878,838.4575288994031,766.2436788291143,761.0084222519547,927.5923085442467
JUBBA,396.458883301619,525.5661572058553,507.37025592156544,549.5199341602776,532.166621256183,504.5124766755751,542.0715602338998,527.9452945888895,577.6357868513999,464.959971535766,534.3979953183045
YUKON,317.7983995110814,258.61273138245616,514.2721644575024,262.0919071962029,350.6580175123535,488.9462605191644,398.58009858699,613.3624067058074,583.8270420750964,508.3873100530508,
INDUS,380.0738976583096,426.41511770156905,664.5631105025757,449.9862012395321,537.3770593417936,534.6149107723711,529.7208400757124,746.1105758660865,372.82215805276707,522.9935589414075,523.9934395967457
SHATT AL ARAB,219.89556428787228,304.6080569513413,355.2757484454735,262.22264184661424,307.28651448822365,328.06680631598937,345.17542855027966,381.0964394697636,231.11618979605677,324.02725860378735,335.4747208622693
ORINOCO,1725.458876476688,2339.576142857998,2486.5040223327305,2377.4870859652488,2299.31925071923,2421.4148897133264,2410.8505524958064,2440.6224583946732,1664.976423801029,2351.264430063686,2445.995882766522
YELLOW RIVER,426.6931877358852,359.71974904992175,546.0003511059214,377.8399742429682,407.0620760722135,429.0205764339777,429.8318370571518,565.2339291988108,407.9499248819342,391.13434010106266,433.06102431005445
ORANGE,355.16345396531835,304.0960185171522,410.5350963490937,333.3634457041431,351.9588423256461,407.3656014938634,398.8517813015659,610.3866817779923,378.11942855789346,370.39546535714095,395.0182780943993
GANGES,1014.0572448523237,1103.4621346759513,1261.6486043133546,1029.3100484938798,1137.1650867619978,1121.1774859836264,1190.6684541708994,1441.469038274375,989.9966391990777,1277.1332050899077,1175.7806976440252
SAINT LAWRENCE,807.1583442243552,833.9735199613855,996.0905171129225,911.4842722805786,,1030.6797240103597,1047.0041022839794,1011.8217077037914,858.5942676853708,906.7622130434762,983.8056852836529
MURRAY,508.96636846503236,439.8064264216273,468.11994042385294,463.4179545465222,461.1859230620863,495.23945232442713,491.7424837725763,627.804450429979,500.79275704903966,468.312954944742,496.0536742132851
NELSON,469.80839971634487,469.8495970475673,631.3977879056507,526.3857859809042,523.6679387079821,570.9405717477539,570.1221291859322,700.3140523812962,576.0434589685799,504.7154115359032,
LAKE EYRE,317.85168948414616,189.67481957711658,260.40691837342837,246.0769676223058,269.1678727030989,284.7650631447784,290.41580006140646,418.75283990156896,321.7488055622805,249.94625183542865,298.9253249637859
ZAMBEZI,711.9197591316654,917.9233841083056,1097.0484609266864,924.5096877060772,963.8157444950355,999.8361434133916,1014.1183493185675,952.4110322375711,920.9433774442257,986.0610785859287,997.5417324592961
VOLGA,532.8053546420819,563.0390559393406,676.232668967589,584.5609587961184,576.6714751558566,755.7202322854903,770.6875549903751,758.8035437004066,698.1008989681397,555.3483569368072,
TARIM HE,87.6282328061696,101.1473506177075,213.10991804774412,109.39745528196113,86.42177509149445,131.04425093528408,109.52295862319713,327.9465876682193,92.05251241878416,102.60454178222801,119.65901618212214
ARAL SEA,182.32447907516428,259.3877254747588,377.5340119892104,272.91430255047305,240.977231842441,308.5901059831443,289.40696020052496,419.11149569898953,186.11916794477492,358.5475347448652,317.5951044872521
YANGTZE,1022.0404518328363,976.4444193558954,1299.2947785982574,966.1556301594001,998.4767544607348,1061.1583297984341,1047.6254324751612,1180.6717003878387,1003.8113014359817,1015.0991141095885,1062.9021512403153
MACKENZIE,377.09655495005194,363.8366314947893,510.43540788654593,387.48697564094977,407.5687302158573,447.33804049295094,428.3283255712463,569.9067390232698,558.8809618365,472.70270643027897,
NIGER,529.3964561392847,718.1338435841366,516.3833308257136,644.0230099607265,637.3026592032091,732.9888374675929,697.1054215148371,775.4140567099511,591.4683744386638,600.9893127908683,671.9410377686024
AMUR,470.5476076980932,491.36279036674466,595.7523583267927,506.70048645215536,498.01257290054457,588.0130292619309,587.2476178065549,649.5001909807029,536.7386886066481,555.250498421949,
LENA,388.5193233122815,352.85386417258616,526.3192489933433,417.9010991078702,408.08060617705956,465.96254500554915,466.5410872569002,539.6627291237119,606.961496472151,508.2535393842345,
CHAD,323.2400556535493,397.77230394082665,324.73543309927106,396.6320189077304,388.9424223378197,425.76324362883014,410.051168785368,620.5812050666382,345.0714149743389,310.9734575121862,404.0255773620483
YENISEY,400.82245505721005,448.46165775258135,589.4715891655933,459.78991936669433,431.8951645308838,511.9078248968625,519.7165258736403,638.5551548860672,608.7849795710636,544.5607649026344,
PARANA,1137.2389797991789,1140.4429336243768,1257.8862066464847,1182.8448043070186,1184.3964507452224,1280.1392011341366,1281.7703419766833,1305.7585905714925,1137.0546438052036,1113.475994769908,1276.830258448936
OB,424.001508069564,418.70782374866974,550.2678511208265,442.2738960748169,452.08183229026736,602.243086156697,605.7759446797547,613.6455749675157,546.4354867892986,454.03028821738064,
MISSISSIPPI,795.9538523649526,730.9903687072007,820.4272394414696,778.8109834162829,783.6006772307547,879.694326786546,882.6736228629316,992.4580279118425,797.9875311191707,745.6555152557426,863.868802267323
NILE,420.3213749222321,616.4125477663396,670.0904039274694,598.0327413229239,600.1171999552072,632.5537650692552,663.0746118524497,558.8304918696076,514.6234274015072,534.3410981119426,618.0188781586919
CONGO,943.1884744219042,1460.056860248589,1463.4911701377846,1462.5437567733265,1498.527122436566,1558.4483283624309,1548.7709655911187,1481.0088895590816,1389.1330646583226,1465.3065722675722,1499.5948518875896
AMAZON,1861.8950170365438,2101.2909362344535,2382.4737768577115,2160.6722718512187,2154.0460583536396,2283.404182432229,2299.935501392857,2274.551497200362,1874.5884082352331,2246.6702460643455,2307.3658532573136
Western Sahara,58.43541939717004,34.12593224769298,29.63979540713327,29.552122945917013,62.539444212622286,68.25153526238861,74.07268694911951,57.3069453077279,57.057363132219294,34.20983294722605,78.26836795785468
Eastern Sahara,14.965499626281007,26.378782207924996,8.847961071137794,16.319519127249777,18.559718989103068,28.375242309649423,23.034715439956905,21.115957048086596,19.50940421117407,,24.721838112044157
Ogaden plateau,154.9880165443487,258.116958056742,230.26193974465372,249.0053401805538,267.9472686518647,315.6393546816684,296.699716047394,390.38569918914743,320.9709320522007,276.6017217649422,333.42530620957467
Arabian Peninsula,29.272504721585904,96.89370356892356,65.71952488493302,72.66373968213438,75.28171278609662,91.8090896545718,84.59993180180672,110.73497843434703,31.976981147671342,79.57200576380133,84.04381238953206
Iranian Plateau,131.65622514178204,172.9975299461927,161.88689114887785,157.06877795585987,152.23283479658363,202.89000365080398,177.28495271615137,221.7330979856221,139.7755413920467,138.8487639718406,175.38495207900442
"Gobi desert, Junggar and Turpan depressions",135.37088056970669,147.6581786723985,180.29428463094766,137.45722615454,139.72345431433533,161.42105564042134,159.38550838392638,212.508173047932,141.66195321900491,153.33077697325257,151.8322716764556
Tibetan plateau,246.54717915859592,392.11063064012797,464.7247227611077,406.21472669518056,244.0890845201965,299.7177413235048,256.9305874996095,392.9882075279879,236.7370940705995,246.64384594726772,264.95590650945485
Western Plateau,375.3289979371216,266.62665542019545,308.69548963930407,306.9700635095877,353.8471249573864,362.35789288534914,377.87127123727805,414.9288753532439,382.3816709471488,299.5825682829827,372.6156469693769
Puna de Atacama plateau,348.57117089985866,199.3941124814729,216.15660499338279,183.2685254792087,261.9927224614293,224.3666336558219,148.82993881831544,184.24928847350733,324.45907966935505,54.711743358625064,191.43909783589507
Salinas Grandes,473.71072241602644,345.99776337606284,621.3399698099868,350.93897593111745,351.37287042507876,373.7449859101256,377.8857250991987,663.9759467670375,470.14864949713166,312.1025637316395,375.59268359125156
Great Basin,237.22586480410845,237.8876381429937,292.211545123256,264.46899803324857,208.8271185671233,296.81638372048667,255.2760931526961,349.91244580146383,247.48027645203607,228.3937332642045,241.1883210201329
