NAME,ERA5_Land,GLDAS20_NOAH36,GLDAS20_CLSM25,GLDAS20_VIC412,GLDAS21_NOAH36,GLDAS21_CLSM25,GLDAS21_VIC412,GLDAS22_CLSM25,JRA55,GRUN,MERRA2
WINISK,357.33882250658314,256.68425062574926,115.85660390836222,457.44471110563956,189.0595742555052,40.35340726806666,358.94195040845153,502.10316671992297,210.46345037677747,205.46860593426072,138.60977812501872
COPPER,713.4877549833138,947.7192824504,353.39007586560734,558.7858495280864,1077.8678259328674,547.0699035886917,834.5057785539823,527.4446645758451,501.8700800873794,541.6927771907355,719.6533260540518
NOTTAWAY,587.293086926175,409.6593987922264,236.46759684940517,662.881883566898,366.69848637967954,123.58269296474643,620.0166369756441,847.9492456246813,382.2023623541693,466.07744686374474,226.76315542108378
TALAS,114.95798924594149,39.167159672741214,19.18380791389772,147.764459920872,58.907772566456686,24.453113165776664,168.78030768047302,12.701548847738888,84.9560060432506,62.08086787738,25.15005594444678
MARONI,508.91078140682055,1064.0527999028752,957.1485681770655,1462.4702494558012,591.3837041542832,626.8255128470161,1102.6297232944528,1405.2567734993645,508.2524825264898,1044.0637451782313,464.96220120165844
ANDERSON,59.259706615926895,20.88577917795828,16.83075378117421,86.81887228159448,36.02616661413069,15.129598320251091,72.35074521117419,14.449409909230535,52.631653066399565,132.68698071111496,67.58575786721632
GUADIANA,26.768372039035132,123.73319912757628,40.764333442439714,215.07164741511866,176.6030203581082,77.11700628272625,293.5607037799606,33.10845354918671,51.64544092455683,84.5393570984577,43.73203747084828
ESSEQUIBO,839.3491126757577,1325.774928537871,1027.9726034167265,1629.2543690693387,691.9236184087441,538.0676218952195,1105.0768835680965,1409.7012640357348,638.3284872774066,923.930925024026,281.6531237950127
SUSQUEHANNA,421.43973292621985,364.113856501396,188.74802302496846,677.6632930394953,450.73908160326465,218.76350206979322,734.4007251417358,211.9068479607503,585.9806039015923,480.5117335162273,229.0075696265228
JEQUITINHONHA,109.90660047565969,163.68213390359216,108.39811335869165,381.6399493083024,192.1542564273131,174.32145515117267,436.07667845697824,94.56808735844618,146.61433179774716,201.40289463019846,75.00823744050867
TAGUS,72.27649830158802,145.76248109261897,63.57442488222091,232.34020485427095,183.7891840642686,79.5748718095895,287.1547460627612,45.67013226510535,70.92985685574817,156.0833271032423,64.58749422840712
JACUI,527.0433388960955,667.031186653511,547.798904808668,1039.750109154803,684.0535145377338,662.8655501095402,1061.4787426841854,886.7319583103896,567.6368162084186,626.6070059750293,298.1463584646225
GAMBIA,82.4385732860857,394.0753238547096,105.56885117850452,639.6520280670937,277.43477609477566,104.61534991166093,552.2421817549869,107.66537139667358,165.04378857548005,112.28063024700535,161.3006756301231
DNIESTR,154.365198285536,90.25361661866448,76.947863667016,283.6580546166113,154.37316562784497,104.57854342505667,383.8238286360353,51.424275563961885,201.6173473938562,155.0078218196291,67.13178578189772
SEINE,148.8039515263792,149.02346901028073,94.25923035177374,349.9981417832129,210.99069180064444,128.92965966725032,401.1552369737481,64.24357546300772,279.86595364780413,230.23954198952188,64.51543759214705
PO,706.6610717078511,603.1480973337385,452.10280231338254,793.0886011749046,439.695821721935,296.77708332606494,589.6652329797928,444.40138868959673,570.271855928413,481.1612321839316,211.03026752869695
JAGUARIBE,80.77478573159587,95.08395283911416,76.5151516926385,238.52685959003216,108.77295065010632,107.79315926177392,261.37909025945294,61.85571661650245,203.4675701518276,78.75705641234865,92.70234770200098
UVS NUUR,54.3298614345948,41.53298015313926,25.580833645061396,148.89217693254093,18.526095488206444,10.194539458901371,71.89870919882294,37.889307104029896,43.886482431413576,81.73773382822866,11.018242372968928
GASCOYNE,5.213803163088619,8.757495770843569,23.197059089631498,16.71362140963155,15.959149775621778,30.143878224353234,32.50252222569715,10.675568249930434,8.163244433205755,8.809986437076072,19.236461675229634
ZHEM,3.6097319301487345,8.294657842744172,12.5908056050262,75.85121359912202,24.234924831848605,18.202755540210433,139.9894428365974,5.042736297324478,44.92644120695822,16.054472352963096,14.410947474428287
SASSANDRA,350.805887293095,649.480889004386,242.90157941317915,932.2819835582584,348.8450618978943,147.15014657872229,639.3542034756317,311.61575177814706,364.5377421218492,318.98495203601266,111.02206729331954
MAHAKAM,2087.6557581188877,2099.9143217926808,2088.609133840924,2337.165959329191,1959.783691918787,1520.3641597109902,2273.3475582908536,2618.362068115247,824.0863569388757,2033.1835376831482,1181.8685682749203
MEZEN,364.28349869653425,243.4305611896172,106.04220541738053,389.54039032819907,334.4242753251167,130.39182472011902,488.60858427230716,408.8577047742203,257.65617254671207,233.07967852276596,331.03610612739595
SACRAMENTO,395.9645980983777,244.76339430784327,123.57439406016661,396.5671608649535,211.99421994366384,112.78202255540978,375.87683606219036,445.37615534151774,643.6594182652301,376.34199164226254,179.94228922991826
YAQUI,44.53011815659322,17.426979932958883,56.06838284535521,69.98545886788447,22.345538282011397,47.917077045317185,87.32704794675371,28.673488381861226,82.80387067415134,35.13607630892625,35.04940020007417
ROPER,139.4211195093167,415.19491530895766,186.48543696322153,625.3875739737438,417.7706616740619,192.97737539577798,636.6312743153073,156.57437904778138,303.7664152817257,150.2972668624804,243.339005237841
ASHBURTON,10.482441285938988,20.33291284071613,35.21148094342585,57.221422585070265,23.857288512981885,36.90961256762302,68.55016246140917,22.96135298440293,14.51615853607206,16.99978916856681,27.815634741450236
CAUVERY,330.931480521988,414.88055200803547,349.91934489418264,776.8355538044416,409.4206367886467,276.8488345852657,820.8486748396119,133.40382354134766,98.31886439306608,202.31690509465915,318.0313634222899
MAMBERAMO,3574.838931553467,2277.5191971931044,2080.779966983901,2511.596549299997,2551.4514639236213,2175.446454398261,2854.221166073349,2068.9879316078614,3491.1374072005406,2068.210468124899,815.5678814587003
RUKWA,190.09956856733146,181.84685124866834,67.89095217347855,396.855528683797,201.7526315797914,72.37272436712401,411.61710391076474,60.4347077091676,11.992924842951094,199.60306411371488,84.342692424379
SEPIK,3013.224260088803,1981.055177225145,1692.7548753402782,2276.1515977983754,2448.9883326008917,2010.6748063111409,2755.3588868139186,1796.5628233440978,2617.1401928356768,1815.1330701966817,865.7656583133867
KIZILIRMAK,44.27753848956408,42.35153728809477,34.976630168293624,260.0602319271551,130.83010629194092,77.01586560214669,383.47386066803307,21.12090864283542,172.32517169621093,99.1841999616907,41.565892398250085
DOCE,328.1988602449123,398.1197081728237,211.73248349415553,687.816683736302,452.91584698523167,320.60193493859146,716.7018397140984,260.3080219933283,462.2654841748851,419.32229460882235,146.74513476515372
COMOE,119.79886180192257,341.27676929714363,118.99800768927696,647.8585112764624,222.30166151283598,100.50192925011527,525.5011530541022,90.86310167032065,176.61600684872263,126.31157953110464,131.34287394183295
KAPUAS,2035.2917536854009,2556.1701761063027,2541.339297498398,2834.32738093639,2153.760885207831,1731.4262873752239,2492.1638169760254,3287.521431621649,1853.621738515273,2456.4301791588296,1785.4750705119718
SAN JOAQUIN,167.46827790315263,98.87179649669808,60.55382851088633,169.81829925932715,78.7827869423391,55.11700950325064,155.97987383876335,49.18289625039655,238.7595642841994,140.46145665873945,86.8971189982951
CUYUNI,513.4904612696592,1009.3001566866667,697.7740774399048,1331.3145681690917,736.4972869203126,479.05829537818397,1113.298932459556,577.6073499307173,789.5950849570014,987.342301706829,185.92412913994565
EBRO,103.74985985804423,126.05298592966173,50.71049120216731,276.3729250929051,106.2178665354924,50.197654366414746,248.34618873057283,34.791075828339146,89.94720473194988,207.69178128412355,45.02938185728776
MEGHNA,1536.7783368674625,1783.5739489198193,1331.5055668264692,2163.042376442291,1340.6967935445402,892.9999571853102,1749.568142924276,1230.8780491652872,1357.452373605852,911.7980172018339,820.4493910850618
DAUGAVA,278.83932535331826,188.01091455222917,69.77837078616817,395.1372084857965,332.8433726607642,103.77321054974104,543.5362664170028,64.5610691483915,266.76278509147267,230.20893954114422,164.04156070426671
MURCHISON,5.918482889872952,3.9748942109664887,23.743395111731758,7.828512399193175,6.32430966349625,28.114701591067586,13.985543968972348,9.123175712768749,11.337801579617096,7.638697014910645,18.221962463970367
SAGUENAY,707.8871326493347,552.6965598260801,374.0449468319271,804.4898869791167,442.77384930900155,175.0244962170878,682.6569177141096,1026.9063122844889,463.4121364250726,544.5472523449967,245.64066642224375
BANCANNIA LAKE,8.953183471018367,14.36689917803179,36.99274311189517,41.60891940248986,18.599385015034894,40.11838649080869,57.388032231613195,21.216857757367542,58.77518250258912,9.095343205698859,19.394537197464434
PANUCO,163.64202275485832,349.0664557164472,219.64591048111896,540.8363647419194,94.88856058786718,90.60678654872899,210.01545928004217,296.8677605791404,154.89307516467412,148.20171654688153,141.90307554232044
ANABAR,142.57100519082294,73.11254338499559,16.495430306718937,146.03280525375712,146.4481411312624,31.422343961910798,200.7190987067523,96.25276494927118,109.15025376276371,87.44350587537394,179.74160836805626
BACK,167.9871006724449,60.82044076762664,29.9082500447442,155.4563851019097,80.95257113818391,24.81389751436715,146.1363482134342,21.280249374594895,224.83761475124146,141.1410194007352,194.36268236833365
NEMAN,198.94238970428177,156.21380953784956,91.47892192741548,377.2005362716019,237.01481460017197,127.7363100649784,472.71524522211377,78.12470409777454,307.77990978311703,211.90617199259623,109.25290236749859
CHURCHILL (East),662.9207378448427,552.3956692074477,378.4758706316203,760.6184644715925,540.1625281489692,322.27142013365744,757.1787785375514,681.3718763405446,416.7726338391726,533.2179836110328,457.5814325040199
TANA,81.88884383305457,42.54614735849979,56.10778626879867,160.66751888979562,18.04462685714674,38.43117394842512,74.23767061872698,29.089193923155392,9.784430834987035,102.294901053675,29.251821040730675
FITZROY (West),48.30247047417937,223.6700221265982,156.37715163074222,404.0607117443323,266.9829714073693,144.7444888880314,464.3757103563074,84.20669730399325,116.65102562353461,73.7631786545819,126.41719845971913
DRAA,1.6019819638152946,16.34183838233641,9.633162090300917,30.87727819227993,8.64541421593583,4.75383266343678,13.33117973998327,5.977244186201238,1.7000899486415495,10.008144915580678,7.464629863113709
NARMADA,532.1656014694832,435.68768638785207,395.0401952518447,802.3550664623954,421.786722315482,448.440677984361,807.9517072548302,331.9561361510158,417.68561660455015,283.9208033876095,433.33798866623255
LA GRANDE,576.6490689562827,466.8656900296729,317.58285009485104,660.7884994827875,467.10583247440115,279.9760259901846,639.5865044300509,451.52028186536165,387.3488233922308,465.206846104593,343.6321301016213
RHONE,538.7023090583064,381.1267864962829,287.8825524915443,606.3395847636962,358.35206819408256,275.27222716275884,553.530600951109,288.53322300635125,524.9839264412012,504.5088308910293,179.82653001556315
DOURO,80.93813074562746,170.59121853895118,72.05036573688075,307.6384147595703,185.6608398782608,76.55601791825727,329.2069195774603,58.5820587364103,106.27416658390405,210.78525071731445,70.07242086686122
BANDAMA,203.34405142612908,466.1938667176684,137.63370533723162,663.3054090435046,274.5643567016399,103.49530250724133,461.21918426952544,106.61712937450613,225.42051611485522,148.56462624890077,90.37448264137123
VICTORIA,132.9608970689978,225.5996332637999,173.86772705308846,436.0732410441534,270.2368603780683,160.3384810840245,478.2956092277356,86.86169263311123,277.94589926063253,89.01985253071503,136.03439921457374
SEVERN,320.6742492935713,219.14277691304738,107.86674382743286,416.7065565163142,126.65784495304811,34.10617203856329,294.80136928036046,447.7417935686527,205.32279870934036,199.30339439327307,105.8571510655673
SAVE,47.07216895401879,71.01791036315548,89.2217505157397,225.16033217994794,61.49736555990539,60.501500755549884,180.10190515912336,56.12469673512927,55.11605028046408,73.02555075312029,35.90457377105231
HAYES,278.7897845627009,160.17717423621878,68.82815040972542,346.5242903787308,87.42122787954574,24.49769573677389,253.70815996552906,305.151726160533,139.5861378613662,167.231594959565,100.37610891060207
MOOSE,367.1510944859257,286.5012051430684,148.90007273461387,549.2175277009256,191.9416750880249,82.64487799743172,409.98649595471807,482.79481372819555,268.2215510864951,347.58230501956405,141.40605100603307
FLINDERS,58.739170181211634,84.63366857593945,125.46560017259564,227.36569165165366,119.52774798125233,146.38201685995062,288.1229653056313,90.46134648819643,155.29829720435845,55.77256805457705,105.25868914960691
LAKE TURKANA,444.9186572885436,190.27986690343866,169.6033130489607,362.45551977328216,81.83641269553874,82.13242188428487,212.13923403793137,214.46127749176293,91.44921746143942,248.29430940280054,120.71350390077745
KUNENE,98.06261139080534,86.73262866750841,99.85576770362471,246.73368850890748,145.89764639646756,58.24250300830198,313.779522552904,47.64817707034135,112.70184725281472,167.18351609729456,218.82239824634652
COLORADO,28.831607893924694,41.03988043531844,124.08927062965435,202.24126604938937,47.84800128837294,117.05927999725574,223.1518821993471,53.06686546338384,49.76478354366491,31.764371658111678,33.18197431292002
PUR,287.54398654021634,288.7586670093168,135.69094438329853,388.37519274934175,547.4062316108875,321.321394774128,610.0573003130013,191.80012193635633,282.4167571508763,331.84888926971104,283.4236642159635
MOBILE RIVER,323.56037932641493,508.3911926407553,279.4430985031661,766.6824770851977,443.0674760338992,249.02130221487715,710.3477561449273,603.9908869410186,498.75685204810395,435.77608428042794,266.3731731544907
LAKE GAIRDNER,1.4844461287761805,3.100080097055529,10.580765398659528,6.5936870705362525,4.904986482655713,14.115033714608154,7.487050905047272,4.012829454726051,3.553492185458706,9.864506380722625,7.104499283897759
RHARSA,2.3091923717521645,32.37472533660797,14.740905967470232,67.7016632490977,28.243702562566302,14.17759631861357,54.93668332757407,7.723236317957122,3.553606763714124,6.916888905917029,9.740208540999058
LOIRE,170.9424236402267,142.6481614436418,79.00884946429545,323.2757883489344,191.61882355929043,111.92384060863978,361.1629502512351,61.5482166388004,255.66483502195192,262.9089211654377,82.35560099009776
BRAZOS,41.64827831533173,57.05172500067956,128.03613360245942,300.0406695679509,65.97142830155603,124.9206727836769,322.61794925396805,72.41275049038794,151.49813853272488,54.8557669436374,43.72318932836761
ODER,136.86480137754583,100.91202448464878,101.51772540315264,281.2187984587847,202.5348784774883,129.87224288977944,368.3191164297194,65.30576954930243,335.21521230976816,175.02067065004803,89.02346590827776
HAMUN-I-MASHKEL,2.1219227642794025,6.195076683904196,2.74886116864981,2.5633563050940342,12.954362026656202,6.288022087846431,4.347810748448298,2.348908021462843,6.841271666791137,4.665231458791531,1.9805242225102866
ABHE BAD,100.99798880003786,112.76430372072318,152.69869158871535,339.9587008982418,57.30794741619347,81.03397674988703,263.0315938266597,60.76766157218418,25.857802113264693,119.34136555054417,49.56476264853332
GUIR,0.5860138600042089,13.587464912925835,7.94215126478454,22.713936959582973,14.046984119651942,8.283661855552563,18.04760710670979,8.207024473222129,7.200188286036791,3.888355054503946,9.100669639441957
KUSKOKWIM,447.54754799898126,179.14726106181033,102.42244035917057,318.5284589352604,319.4232107752267,183.944444588223,430.36519616519547,180.7036262518406,287.97342275960483,256.3027929916797,320.3922285401167
USUMACINTA,660.7059826635048,1231.3682616087935,871.752940051438,1555.7445740200426,720.0460416828571,460.2189134417873,1061.5418507145755,781.4057286126313,325.8321874142678,981.9708359445134,497.98809801745466
MAR CHIQUITA,132.80235296250214,18.446741095534485,96.57362685287086,141.3721251069914,20.974500580430053,97.75332387083907,131.83344316322598,59.57386291960173,36.09301953293966,61.80200167689935,62.764736080882564
BURDEKIN,76.00513670956123,195.62036369269865,131.20958517013017,376.63386960882923,213.59428403959458,147.18205284916155,390.6597451332912,101.25658725317845,68.79927323492811,108.06216822760288,170.67403180597248
SANAGA,707.1278889066983,663.6486867850656,258.27971287633443,953.5912721552052,607.4930102792366,227.6549224927262,928.6757269291472,819.1066324408725,886.8353432930401,574.1899439106744,166.7285501168995
SANTIAGO,156.05857295517876,146.62933290325057,93.77671939103746,270.7730917449459,139.3195314383514,98.74210821698786,258.929348758729,179.77366797295406,235.5007851835118,131.2616238553132,87.76505498503157
SARYSU,4.337386084215697,2.9303029757122068,5.8516902497945065,84.74639698763497,15.292673344682266,15.259068998388244,161.90014974819297,3.214478821033006,34.2036399823284,19.98669172603903,5.953574472407088
ALBANY,375.2220259724705,262.9123830090749,118.06129666395688,497.06955892155645,198.85143947573943,55.695841496659696,404.1617341245219,524.6285763783059,272.386448539765,294.33848095432495,100.59200370827834
MAHANADI,644.100103461741,613.6172267345094,224.4733781503599,928.9594143665876,642.7559945951223,292.3691248867055,1007.2620889622997,143.0592816249796,512.5943703244774,356.3097630223077,397.7321873972279
CANIAPISCAU,584.2821329014005,526.0042210608676,391.6304295265555,695.3704530534297,476.7167583697589,312.7509790584406,629.7607388768182,510.4322657599215,393.09193953074526,498.0660472307489,428.95899299058846
NEGRO,201.8858622417748,132.47001803382028,57.840496395176466,195.4998217734926,223.98519295137095,86.59502881827794,377.12935980935106,100.22039147653996,141.3553411020384,186.94119764493,39.244905712548515
GREAT SALT LAKE,47.03809488124868,13.93026500641551,24.629931038378523,122.23533684701064,19.103556484002134,23.62767109073037,138.5687324271845,11.624927602813939,307.4666906506789,66.22517339232776,29.95874751676741
CHUBUT,52.885245061917466,63.77502273969969,30.95700131074357,114.0616160541216,154.13591551611785,65.73787566154002,305.85481981626407,13.458564096709832,81.22116075147038,177.06363157506817,59.99299640449932
ELBE,200.60221409647303,112.99262267003148,85.16957097603927,304.6048910522172,272.6777067748792,173.88209770621773,465.63260796215945,64.56382298166291,381.81202206763476,248.81698140817426,93.87209794650684
RED,770.0184761766362,553.0077797322954,354.00819909139716,830.3618081433715,500.64565975905316,378.13577894088036,772.779971742961,342.2999596068161,855.8345708910895,393.9783761604934,121.2136681666719
FITZROY,54.37851931837859,122.61697567093347,129.6111014152874,272.3871783076251,132.52143778590755,154.25639986505865,267.93484882087614,126.9861052831925,40.114970879836065,73.80249894071912,91.20917806414286
TITICACA,417.6049856912458,192.5260965589425,100.95233858652304,331.61644865423716,253.51660865246726,150.2957606989699,537.4253702262041,51.92078008512218,521.091172596501,379.03643638051057,68.32898122097217
MELRHIR,0.476637302523956,8.65075112735877,5.991185138394975,15.662598798810148,7.285071829802959,6.315017801959158,11.350465643828558,5.372932476764773,6.3799006662296796,3.8065902249060963,4.6736342652077125
CUANZA,278.6143213389186,318.85708206128703,174.98436207138553,531.0459077966971,285.5672181945129,81.15488957207727,475.97551224824264,134.97986436233896,447.0221409132917,324.0323433309683,96.0535391266832
TAZ,300.29226493203726,292.5043875466309,159.49504369601766,378.8128290523918,518.7623846498557,318.10186524629864,576.5329091568349,185.85678423730207,317.6327248285003,298.9547382831771,290.5877672912469
CHUY,80.61230327968116,15.633439147126513,13.144054397626215,100.02450555815054,31.464713462436613,18.73828277758352,140.51357881262123,7.559252863608857,60.736134580036946,32.49788926152097,10.715565284181006
CHAO PHRAYA,567.7736750334082,470.3947731332275,180.6635363501303,788.4739091207659,642.0232030275139,359.80294491877163,975.7059930295384,123.30571003832628,1252.8913964730875,285.9098565009764,146.11730030509463
RHINE,444.2701881924735,342.6565035624384,257.07308762218224,552.2734675085541,438.4451344017094,326.15355721611706,636.5211641542049,276.8317896464889,602.9391380832315,459.53151652903296,181.1194163569291
RUVUMA,152.55800318665302,373.2334539990127,105.24250799730922,542.8873512598826,398.15664681341565,92.75624858306968,553.2431428820983,91.27160142973932,58.191269792635374,296.5885748409001,123.48214632625995
PYASINA,359.28422431269644,191.0537243148839,97.59761296366368,330.97953898849875,472.23527005996175,315.3841579446947,565.7345755570393,205.49461973010216,302.5061851792847,249.39010953068743,373.8315084179799
HUAI HE,142.7755718660315,170.85104181247715,163.37627494964028,561.9817099664708,155.2859027885256,206.28980795216953,584.0750480626576,151.74903539711062,324.0707050477843,106.15810926641942,111.74026528986619
ANADYR,258.96928969092284,139.11709349121378,44.87565117444255,242.4720906264375,312.11483109634656,114.82243863388594,368.88977898709607,140.11932126940354,220.32971832712843,200.19411436989782,286.504346915681
CUVELAI,38.90381551616337,37.03027352652508,87.31478089618084,163.90497720114672,118.51395258260372,74.48911864908911,263.9361757259856,41.99754812261966,54.63292410053009,60.60073036370504,102.08474588005674
KURA,242.96859484000865,96.35570815727813,70.4083266049856,301.7284565666028,189.06897024458212,113.60007926824808,431.3797651538981,57.702803380653414,208.1011419499617,116.59912469925601,49.71060840507435
VISTULA,177.3334561289467,125.16965882524919,115.53914437058856,330.85011137745585,207.6627468588371,142.22969040195704,412.33719042140893,72.58142437709687,323.2729878033592,192.47890355770238,102.01074321501133
RUFIJI,124.2384464622518,273.11393055710585,101.51410519619701,449.0149955275271,223.36018129149656,82.38118288642637,383.11362739454444,74.16605509754378,34.07147965175781,251.9637416314809,121.09540252031691
URAL,27.001979985375044,11.943978589994696,27.2687471437901,109.82524230040431,54.05498610378449,45.33455362696417,233.7978047724455,15.593150530732464,90.74629383552659,47.626238357283476,26.977059663840198
OGOOUE,664.3179518644217,813.7228675463332,517.998707872916,1042.8995879261267,663.1576427592223,335.12604334222704,906.9694420188537,366.4818668879931,504.45959902630483,540.3746032667033,379.02115522006176
YONGDING HE,37.33708785521454,29.523859510284872,56.53340204700803,210.32949721811718,22.134241886863684,54.855250432724496,186.22577984584606,41.64510528893754,27.273597069932215,20.321276060286458,33.62811025167415
OLENEK,135.3135933709096,103.46153396331383,24.811565022934154,177.06022045774645,150.7235717099768,31.33219718272011,197.48646794334928,134.8951803112221,94.48492805082864,87.39362666175325,157.1337078816478
LIAO HE,62.72057932951877,36.95906729270371,58.45339501588379,203.57800420239627,37.72106665429946,48.11752612069773,199.71211919026427,45.16086266853573,115.02327715340304,33.3571863522849,29.147752554884203
HAR US NUUR,26.66779828322957,11.70034612810414,8.422657862294193,57.67001865825512,8.039393931517646,3.4568224327366535,28.780504578929502,5.603258691688477,13.77783943081526,94.85472294105912,4.682215900666523
FRASER,624.7346675517241,368.95117904382215,242.04022897994204,541.8765213249332,360.55324024509497,181.7074919658767,583.9180039327249,639.9569596512787,387.7525698786036,527.7576407250244,185.95244415504334
YANA,157.86851046615328,96.1292109151925,19.234770705646504,148.7988843782676,136.96172172058326,24.273895530354427,162.46867618284347,425.55498774516326,71.341009882861,90.95782023680945,155.60032872783464
THELON,171.91239020012307,88.30035831783702,43.44440731073884,191.11780990820827,109.69579223107412,33.76885980294942,176.40811401867262,48.88653166736122,178.98232875832866,133.8005314371135,171.96963188204208
THORGAY,5.366311116377693,2.449268138778927,8.405017593129376,95.94171330481278,16.529144468208006,17.371571697960853,189.96648544972945,3.6850642491830525,45.12002269297433,18.70343251555748,7.915432225809708
KRISHNA,265.4439105706315,344.38030906472295,300.9479435802164,692.566188303237,389.47307248848927,335.3090633395091,775.4444250659122,134.69905577793185,95.76620331968576,193.20357816012387,221.21802648719807
MAGDALENA,2288.3036139065334,1372.338373718537,1297.4601337066542,1672.9976128718179,1332.555165499923,1060.847006919834,1639.0570650195546,1319.4441871889462,1723.2897252453974,1102.3892005676669,289.30478339642514
URUGUAY,443.67568501224486,499.6344102241045,576.1752562484417,911.1508859655139,500.8578715274765,639.724835307793,932.9863498991915,739.7209001558097,468.54802937561215,556.3727061706588,316.1437489476383
SALWEEN,826.168954741043,399.7367465520715,181.76859302519227,637.8122157369622,427.4839354012778,239.32938536409847,673.0843014810044,128.99594586164332,392.3104645787614,461.88076331839545,76.65109501414675
NEVA,316.63281481437855,224.43049122886654,79.39521818359319,384.54008568174567,390.9167691706946,115.56119800314093,556.500385408821,95.6436191391819,275.00601418016805,275.8913938296851,221.51214361596567
KHATANGA,237.83109033954707,135.90470994207683,50.3744976681454,244.9050778148989,282.43785828763953,128.90950352391258,338.7054691482289,184.36699201584932,150.1102274189605,129.92694450190464,252.73407835396887
CHURCHILL,192.0889191204755,102.86686738096782,66.09260235641264,271.7446602671641,75.89098856804199,29.58915818142254,215.80107446564043,163.26636662010188,127.32845627366962,147.94489765566232,85.92579122350568
GODAVARI,457.4969817061966,446.78234970952644,372.3114191794079,823.2782565846512,444.01571995519123,418.194762311878,839.4845238078212,232.05402042652,322.47752553843674,280.30651687242363,332.6784424278039
PECHORA,419.8100268129933,267.46011198356115,153.24467520761877,409.70394160868045,439.12280236999084,241.92204243639958,565.1800429467601,305.4465125597894,302.2830826543301,306.15538920587784,363.2065484046439
SEVERNAYA DVINA,307.6147902501888,206.63343301682372,78.09076035690268,367.89471321262965,327.0984701997706,83.84821276331792,488.30576102560025,231.04529419166823,207.9078748303888,222.70773461559656,266.3851377010432
PARNAIBA,225.3277562764878,288.65808133870144,96.16829078475523,480.0064658970042,274.19409303543046,128.9365276366147,485.78469797015066,94.7513248391742,331.951116574627,140.2956381285845,41.3117760248412
INDIGIRKA,187.99464569305349,106.49171270529834,28.021769351929123,182.88959700310684,177.2010705527352,34.80440737643227,205.93979116934233,183.24310537523507,82.57541809253657,125.60345083667673,188.8931048501132
HAMUN,15.088140051356287,23.43114273374612,10.680223887175723,59.58151183017102,15.391741184303953,8.560443706380514,34.47943369231545,5.681641219122218,36.818927812457815,28.312003036289138,7.765800197212117
COLORADO (South America),98.16458467917124,24.09201269520916,33.46556560075891,62.13912055351875,47.6013098738015,46.79044164900395,127.4270271367864,14.304257655334718,54.28160667960877,66.95610618236564,22.081096880096123
ZHU,671.9094859870198,605.1917805872431,342.83120008311414,937.5497332777857,607.6134116231808,418.8318442845995,908.6650558938251,490.9032993286889,772.4014536977535,344.3220201520672,249.6429857314369
LIMPOPO,18.242671346995785,22.3546467391677,70.89168920259364,119.39306326788737,20.72703783735015,49.01808842566292,100.23908302571934,46.09376704956416,10.312482567352612,41.43530386437402,28.093590505970504
VOLTA,89.31865267632718,310.01556286746074,98.33851708019377,586.5527699583245,228.84910986198193,87.79804717683945,542.0001826927053,101.0287559523787,147.8573400527689,111.65930988010261,78.3082857633937
LAKE BALKHASH,82.51304773506646,21.234736514179584,15.337206528592072,100.42985673345288,31.847374731569413,17.80644035867144,125.54359222202577,8.67718815919076,58.34754630685899,44.14618330909133,9.693282910189982
IRRAWADDY,1431.4801037073414,1026.4766287705913,686.9010858374829,1364.0839933173486,861.3761292180434,540.3017204306421,1199.7277587116675,650.0362739355412,1159.5415266170771,653.4540494962564,108.59315872788538
RIO DE LA PLATA,90.56120483720687,91.91166073956116,212.0535838879286,306.83692696565356,102.1031605412434,235.67471306379244,321.5246782425796,157.01720419851307,121.13321183581914,160.99127025035287,130.90498187058967
DON,45.555929049655866,37.751155025003975,39.80625328461572,210.21350685860202,142.2136045065543,65.93507641317987,380.93637316459115,23.30205632605156,141.06269748496555,77.9145690575176,41.930512627989955
SENEGAL,46.799472209777306,178.67886058895112,73.2634920081742,305.70242826874744,165.15824579639124,83.14328536868844,320.4211611349841,69.01349129244042,56.1938756290485,59.52808112373879,93.67754520308765
DNIEPER,108.28112761367292,90.04033842500512,68.93503365236252,281.6522296735194,194.58000760016463,108.04539468999079,412.0240985272014,46.68436402758094,213.00885427433576,140.04758023631737,86.84875695693673
BRAHMAPUTRA,1501.965588643526,761.8172354469242,493.26906354488244,1054.9275391100878,633.6203587057929,381.2127978402097,916.9710997097575,476.6381823007573,705.6063491318013,648.4268241793606,244.20124150800672
SAO FRANCISCO,141.9455065531347,242.03231197543528,127.03373238015615,413.01764248045583,231.69290378159153,171.44818240858507,425.08261060798196,125.04976124565628,196.52709318795144,189.94634020641664,66.92470705097308
KOLYMA,186.75673570247662,117.21176046185914,29.23423374950201,188.0626618499527,201.2117555155324,44.24249466440368,230.15966760675033,85.50844769061666,124.53066756214824,161.54057252332422,172.30185247928324
COLORADO RIVER,34.35195171579605,13.227180193143397,22.52020483299674,70.48639042135474,15.799673670317787,18.081001224280254,69.18365182838077,8.517892337635526,153.07526410332568,46.282398690098475,16.652839641723116
COLUMBIA,370.63630779458794,157.09540943904722,100.83377283078246,304.96728432861704,129.85226927601678,74.32524658063082,316.1822415371721,122.6667530313586,467.322951432044,320.224682394408,132.43851994717767
RIO GRANDE,17.6494120751373,16.630696964952612,33.10353549844949,67.75036718808016,20.345814729842733,32.92092088281193,82.24161724598618,12.01739217798392,41.01374481647006,21.527173506178464,17.1885548909201
OKAVANGO,57.43993051214543,55.397137838816505,75.01191337032692,193.08504745188102,83.18677286710923,54.44378285361704,237.03543043096943,45.81943744515978,64.08241506255158,67.97143495403762,53.10410223300348
TOCANTINS,644.8171551845824,759.6945750461989,415.1878363731066,1059.0991523052132,637.4385765727845,407.5711203591548,979.3289223611225,437.01164323261327,604.5906884939114,465.99568486654823,235.44672292981008
MEKONG,669.6289899194336,656.3322941886697,365.936919395553,976.3541373326292,680.544754314205,405.06488140044746,1009.4870158998998,331.06860781177505,838.8916389941298,481.39523076740124,165.19144470324056
DANUBE,275.0293530734074,210.6613501860881,159.42641182488617,444.0004751083479,242.50587851585254,162.17466110875708,482.2961173797331,139.12172437763087,355.340506368161,286.64415393212784,121.7185286288847
JUBBA,76.19296594430533,55.76370808098538,75.72037149665614,178.4057681939979,26.242259649702163,43.91841609705225,113.58559306417719,30.539846218184742,17.443374063924338,84.364365078208,40.68641700153741
YUKON,226.89155402103543,79.33713462295955,41.69558216568545,125.42417182880686,214.2343203798908,112.16717099451981,293.243702256936,146.3704711935149,155.5505690626334,179.73497592146828,200.90404514850223
INDUS,226.6059734862759,106.5835184461154,55.43152828043261,245.09683906791332,95.4995733467724,51.13160811134239,235.06132683909362,30.322850513343546,172.619804405362,212.25116655499087,40.062545711306015
SHATT AL ARAB,88.80724253616377,44.38004704443732,21.5552688932381,128.97812956021326,58.51648806273856,39.69798641629667,148.89639646905326,17.250796615192293,65.80931767886815,56.8295640484355,19.996275330659632
ORINOCO,1229.1766358214927,1243.2596369181695,992.7161535481713,1575.717140705266,1059.9502198554203,800.5697026150244,1433.3167719791131,1064.4101695874358,1172.801781120897,1024.023426666315,392.3916670468819
YELLOW RIVER,103.65474209741576,31.213817397228137,31.397841947136147,174.06198888959358,31.784932385496756,35.62099110192902,162.92363993104112,21.428649353335505,79.30432819869522,98.7398649146996,21.282374898864155
ORANGE,12.01380807351578,17.17892118325799,40.87517623869975,90.8844819795009,15.188469740851938,30.311390410309183,89.45283715569384,20.134242848897276,55.759294599983015,22.455718668309114,18.161996180351377
GANGES,538.3369187203073,387.1703522421336,228.1154344621409,704.3327735160908,358.17122025147745,241.15824632062663,701.5798855014251,174.56882701802238,672.4291799082491,306.93685853800764,238.77910390078128
SAINT LAWRENCE,321.5083316177778,275.3362981798877,177.47473451971217,566.3858244607956,286.39510279692075,164.8599824255436,554.4695914061656,,,366.16545995105446,147.85092264235925
MURRAY,24.621524637610015,32.26958495682432,59.466944980118,106.43750919007257,38.450742355057166,68.14630734505377,119.02004263713691,42.14024621408978,27.191028231842058,42.55071048559956,31.577235355261415
NELSON,128.06113841163526,63.601774161844105,64.34527182962293,258.34895207849354,49.87567879115038,34.202969859860275,228.63405752460835,68.42863605507458,216.74743866317513,110.00306651440522,44.029724712941594
LAKE EYRE,11.026454618482658,20.800462791727085,38.817547875175194,56.411794459450995,28.036095380801576,43.49962731168428,66.5909286773943,26.11060821308542,47.5804276508717,13.105802968665945,23.698348912549214
ZAMBEZI,233.94249183448932,216.78710147065317,128.9264488865497,421.31833732031976,238.68548410775242,90.74624436547694,434.7285527780891,92.34579611744826,189.61666821210787,184.3794349562686,102.36856999234685
VOLGA,192.53493969660084,123.05998858998448,63.203496700508786,289.64753065263926,225.47960097967302,91.50696262073114,406.74608392857806,67.08899770300907,183.28149213426983,146.29837016339457,121.0803384159544
TARIM HE,43.349714366644456,21.638979101290374,4.625592298933112,24.99844681984395,15.586385389608964,3.780288100210851,26.780664769989492,1.629431339778908,56.94049535978162,77.84200880664719,1.8898527648971921
ARAL SEA,117.31450365720461,65.80266663132588,21.946844374274658,136.699942212201,68.758310644328,25.56641305674658,146.30590002830075,11.02119163101823,73.20769440596113,70.9363343744229,11.975682848320858
YANGTZE,543.8038522448891,320.29702993569856,225.36541087924707,653.6826785398083,339.79026016143024,264.59065619340396,654.7203406001136,257.98712123343205,419.61089773528676,274.66952336080624,175.33900401911316
MACKENZIE,173.11938613586466,81.25280629877476,53.03234024017669,209.74822228691247,99.75717379130276,46.81271640526857,207.04105336388153,112.25782030746795,149.87644259387122,159.3566371827536,122.8872047671031
NIGER,111.44124788485287,234.0108863790503,81.6386977443082,379.07432295990236,217.35718217235063,75.4377485429966,382.0754848529108,111.55603189822423,200.75011049686958,101.11593143898754,67.00800033093529
AMUR,146.18402434299844,100.36099511268958,69.84251794142793,232.01074493679766,86.94634037403758,44.81991462152861,212.60570638552093,137.4052227851418,113.85859670007176,116.94196478343656,54.611339891317606
LENA,215.03567623460157,130.76863724176445,54.503402998655346,224.79009122597716,134.71747927274916,38.141901356747724,212.05789365097263,227.2934314101356,157.95058972468672,127.23449249708169,166.1070616512051
CHAD,35.74108098293215,112.17287137163416,49.178647489030844,208.2511276642377,90.63035155167906,34.817771035466606,186.8794925219285,66.93560469801179,166.42213273314132,50.47955233275424,37.38343396266448
YENISEY,224.97804704070512,119.72643444572097,60.64694367059989,241.07746889724976,142.3425640135943,69.71156075255797,236.449563199685,173.18355531654103,155.01877731154485,156.37469243110885,167.57967558229336
PARANA,243.671288468098,293.4673460261697,236.1806790975239,526.8640041039478,282.63753497712406,285.4048362858483,542.6684924438432,235.22208934376766,322.133311650222,307.1822655573593,123.36538695691152
OB,137.5111776916945,77.67761624704954,48.738508054453085,197.0401464309112,144.105560578148,71.91373385848381,289.5488769163519,77.53488095951602,124.38151265313411,122.2075525838222,93.37891138661331
MISSISSIPPI,158.8243013723757,143.93560091303053,114.53191258141855,393.97490234097546,152.85826981488202,123.22264272497064,424.6080614042874,114.94275994884147,405.0822762081829,187.57962417032178,102.77336158247803
NILE,148.11820341920156,145.14719922130814,101.79373855001397,296.15378490726084,99.34113710541033,68.34177322029616,243.8605338482639,87.76248744914463,83.17185824620691,109.42011483626547,52.25108480539658
CONGO,296.95033718663205,475.87387024821464,247.77142858780076,712.3647386520931,422.48519583137147,216.05038590185163,675.1897918007845,251.5050509671524,306.1737264411957,414.17872696535335,148.63390380227318
AMAZON,1119.777481162435,1034.2569610680036,891.5910906126206,1314.073360908163,895.082560236309,642.5090953227119,1248.9327325819872,1088.6436834340757,873.2819222241236,975.8529946353385,454.15422908745313
Western Sahara,0.08938255084098537,5.01083141830303,1.5711576153079994,2.0116092310943863,7.004885545611725,2.400823172818066,3.090753497873858,1.506686278091618,0.39535055642914,7.136897819701581,1.6789836902839412
Eastern Sahara,0.012557989289060111,0.8915319811746819,0.4355342291899955,1.0406717604975753,1.170867518770955,0.5978781982904507,0.5311660231091142,0.8600011023818513,0.02705312791180876,4.971027055168089,0.4197150272046457
Ogaden plateau,4.028731823992125,10.171545694578661,19.188099098505347,39.12258646796543,14.003629228823181,16.969457014813198,56.81579086110246,6.771653885064763,5.521146337142378,28.586364400127525,13.5587116435569
Arabian Peninsula,1.8604432028882627,2.4099222907221827,1.7921665931189878,1.583684359926836,5.263788509729234,3.655250686313096,3.216197266780405,5.497828261143761,9.905942235108519,8.546131290045656,0.4882090267127153
Iranian Plateau,5.668263449261749,13.067293982996969,5.64015229235918,32.134535094381015,26.212161861679515,13.211610496902939,45.47891507169301,4.6763683488967756,22.816337108752368,9.992947254139725,5.354477980420072
"Gobi desert, Junggar and Turpan depressions",19.53510263560927,6.8073228329570625,5.582316679220194,17.92384733894043,5.551054024055189,3.4890979430712457,16.600488572027054,2.4433353946036362,18.817701109305762,24.92691781519408,3.0799622057158724
Tibetan plateau,78.63279200337622,170.85025987111877,42.11588677224319,291.18959453410736,85.98239394138893,18.388354644615085,149.10224843594196,29.70139217596627,59.268224522814045,280.06562838734595,15.116578349052679
Western Plateau,13.050117115839033,37.74785874143133,47.94623838190353,96.18922873140511,41.8620150430582,45.963892003399174,99.84976790144468,23.23334537916529,42.98535431148537,19.35993576277654,29.650247328052405
Puna de Atacama plateau,17.79006638183914,21.12385352652058,9.866648174855587,47.56873247283496,25.560361791273102,13.874680411789395,92.9112238393657,8.582314271946334,29.05883322772914,177.52473996302237,33.298943688273916
Salinas Grandes,70.72392692719025,11.917448536859528,32.30425398207683,64.88873899070795,10.259574265839174,30.49347519949844,55.34894898360901,11.810825982212101,57.98699504731138,37.27870611520569,35.44433047773263
Great Basin,32.08624799515779,42.983721092690494,25.5107402574381,112.32836581896481,56.58773355806353,25.67119402504211,166.04858365668622,13.900551566887078,312.3781778180914,49.98896069945615,17.45339482266906
